Winery,Address,City,Website,Phone,NWP,App,Cave,Notes/Labels
13th Vineyard by Cade,150 White Cottage Rd S,Angwin,www.13thvineyard.com,968-5747,X,Yes,Yes,
1849 Wine,,,www.1849wine.com,323 581-8422,,Private,,Mostly non Napa wines
1881 Napa,7856 St. Helena Highway,Oakville,www.1881napa.com,948-6099,X,No,,Oakville Wine Merchant + Museum
4 Winds Winery,5870 Silverado Trail,Napa,www.4windswinery.com,294-8783,X,Private,Yes,
4088 Winery,4088 Atlas Peak Rod,Napa,,927-0662,,Private,,"Bialla, Ripe Peak Vineyard. Wines 2 China?"
601 Cellars,2545 Napa Valley Corp. Dr C,Napa,601cellars.com,927-3574,X,Yes,,
689 Cellars,,,www.689cellars.com,415 259-2860,,Private,,689wine.com Not made in NV? San Rafael WW
7 Cellars,8301 St. Helena Highway,Napa,www.7cellars.com,925 984-1531,,,,"John Elway, produced at ONEHOPE Winery"
70s Love Wines,4105 Chiles Pope Valley Rd,Napa,www.70slovewine.com,,X,Private,,
777 Cellars,PO Box 630449,Houston,www.777cellars.com,281 541-3308,X,Private,,
94574 Wine,1650 Whitehall  Lane,St. Helena,www.94574wine.com,510 693-9522,,Private,,
Abigail Adams Wine Co,P.O. Box 2200,Yountville,www.abigailadamswines.com,944-1132,,Private,,"Onesan, wines made in Napa VV?"
Abreu Vineyard,2366 Madrona Road,St. Helena,www.abreuvineyards.com,963-7487,X,Private,Yes,
Accendo Cellars,588 Zinfandel Lane,St. Helena,www.accendocellars.com,240 707-0311,X,Yes,,Wheeler Farms Winery
Ackerman Family Vineyards,2101 Kirkland Ave,Napa,www.ackermanfamilyvineyards.com,226-6696,X,Yes,,"TR downtown Napa, 608 Randolph Street"
Acre Wines,P.O. Box 3674,Yountville,www.acrewines.com,337-0379,X,Private,,
Acumen Wines,1315 1st Street,Napa,www.acumenwine.com,492-8336,X,No,,
Ad Vivum,1420 Madrona Ave,St. Helena,www.advivumcellars.com,963-1535,X,Private,,
ADAMVS,501 White Cottage Road N,Angwin,www.adamvs.com,965-0555,X,Yes,,
Adastra Wines,2545 Las Amigas Rd,Napa,www.adastrawines.com,255-4818   ,X,Private,,"Sonoma TR, Website down 2.20.22"
Addax Cellars,2100 Hoffman Lane,Napa,www.addaxwines.com,947-7934,,Private,,At  Elyse
Aequitas Vineyards,2520 Atlas Peak Road,Napa,www.aequitasvineyards.com,738-4332,X,Yes,,
Aftermath Wine,4270 Silverado Trail,Napa,www.aftermathwine.com,617 899-3682,,Private,,
Aileron Wines,3125 St. Helena Highway,Napa,www.aileronwines.com,,,Yes,,Made at Brasswood
AJ Pearce Wines,708 First Street,Napa,www.ajpearcewines.com,415 596-1401,X,No,,
Akrasia Cellars,,,www.akrasiacellars.com,,,Private,,Still producing?
Alejandro Bulgheroni Estate,500 Meadowood Lane,St. Helena,www.bulgheroniwine.com,963-6015,X,Yes,,New Frontier Wines portfolio
Alioto Pier Vineyards,1819 West Zinfandel Lane,St. Helena,www.aliotopiervineyards.com,,,Private,,
Allora Wines,3244 Elhlers Lane,St. Helena,www.allorawines.com,963-6071,X,Yes,,
Alpha Omega Winery,1155 Mee Lane ,Rutherford,www.aowinery.com,942-0167,X,No,,Old Domain Napa winery
Alta ,4110 Atlas Peak Road,Napa,www.altawinery.com,341-2930,X,Yes,,
Altamura Vineyards & Winery,1700 Wooden Valley Road,Napa,www.altamura.com,253-2000 ,X,Yes,Yes,
Amacerro ,1181 Las Posadas Road,Angwin,www.almacerro.com,,,Private,,
Amici Cellars,3130 Old Lawley Toll Road,Calistoga,www.amicicellars.com,967-9560,X,Private,,Olema is 2nd label
Amizetta,1099 Greenfield Rd,St. Helena,www.amizetta.com,963-1460,X,Yes,Yes,Tradition Wines
Amles Wines,,Yountville,www.amleswines.com,,,Private,,"Nprofit, Melka WM, Selma Mansion, VM Found"
Ammons Horn,3010 Cuttings Wharf Road,Napa,www.ammonshornwines.com,265-7970,,Private,,
AMPL Wine,,Angwin,www.amplwine.com,415 260-7459,,Private,,
Amulet Estate,807 St. Helena Hwy S St. 1,St. Helena,www.amuletestate.com,200-4410,X,Yes,Yes,"75, MB, V, Vinifera, TB, Semper, HW"
Amuse Bouche,1130 Main Street,Napa,www.amusebouchewine.com,251-9300,X,Private,,"Vin Perdu, 2nd label"
Ancien Wines,Coombsville Road,Napa,www.ancienwines.com,255-3908,X,Yes,,"VC, wine made at Whitford Winery"
Anderson's Conn Valley,680 Rossi Road,St. Helena,www.connvalleyvineyards.com,800 946-3497,X,Yes,Yes,Ghost Horse
Andretti Winery,4162 Big Ranch Road ,Napa,www.andrettiwinery.com,259-6777,X,No,,
Andrew Geoffrey Vineyard,836 Chiles Avenue,St. Helena,www.andrewgeoffrey.com,968-9770,X,Yes,,
Angwin Estate Vineyards,1175 Ink Grade Road,Angwin,www.angwinestatevineyards.com,592-2524,X,Private,,
Ankh Wines,45 Enterprise Court #3,Napa,www.ankhwines.com,,X,Private,,
Anomaly Vineyards,455 Bella Vista Court,St. Helena,www.anomalyvineyards.com,967-8448,X,Private,,
Anthem,3454 Redwood Road,Napa,www.anthemwinery.com,227-0722,X,Private,Yes,
Antica Napa Valley,3149 Soda Canyon Road,Napa,www.anticanapavalley.com,265-8866,X,Private,Yes,
Aonair Wine,647 Greenfield Road,St. Helena,www.aonairwine.com,363-0680,X,Private,Yes,"Blue Oak Vineyard, Building winery, Coombsville"
Appellation Trading Company,55-5 Enterprise Court,Napa,www.atc-wines.com,224-1222,,Private,,
    ATC Brands: ,"Beau Vigne, Erikson & Caradin, Edict, Verdon Estate, Lara & Rand, Palatine, Thurlow, Truchon Cellars, Typhon  Estates, Carium Estates, Landy Vineyards, Macedon",,,,,,,
Apriori Cellar,1432 Main Street,St. Helena,www.aprioricellar.com,512-0606,X,Yes,,
Apsara Cellars,,,www.apsaracellars.com,,X,Private,,
Aratas Wine,,Calistoga,www.arataswine.com,299-9119,X,Private,,Amador wine also
Arcudi Wines,83 1st Street,Napa,www.arcudiwines.com,,,Yes,,
Arietta,3468 Silverado Trail,Oakville,www.ariettawine.com,963-5918,X,Private,,Fritz or Mary
Arkenstone Winery,335 West Lane,Angwin,www.arkenstonewine.com,888-6549,X,Private,Yes,
Arns Winery,P.O. Box 652,St. Helena,www.arnswinery.com,963-3429,X,Yes,,
Arnyca Cellars,P.O. Box 2737 ,Yountville,www.arnycacellars.com,,X,Private,,
Arrow & Branch,3003 Hagen Road,Napa,www.arrowandbranch.com,927-3640,X,Private,,Steve & Seanne
Art+Farm Wine,2185 Silverado Trail,Napa,www.artfarmwine.com,927-4343,,Private,,Circadia
Art House Wines,Cuttings Wharf Road,Napa,www.arthousewines.com,,X,Private,,
Artesa Winery,1345 Henry Road ,Napa,www.artesawinery.com,224-1668,X,No,,
Ashes & Diamonds,4130 Howard Lane,Napa,www.ashesdiamonds.com,666-4777,X,Yes,,
Au Sommet,4400 Atlas Peak Road,Napa,www.ausommetwine.com,251-9300,X,Private,,
Aubert Wines,333 Silverado Trail,Calistoga,www.aubertwines.com,963-4569,,Private,,
Auburn James,1001 Silverado Trail,St. Helena,www.auburnjames.com,967-9100,X,Yes,,
August Briggs,1307-B Lincoln Avenue,Calistoga,www.augustbriggswines.com,942-4912,X,No,,"# Made in Sonoma, Calistoga TR"
Avinodos Wines,"901 Enterprise Way, Suite B",Napa,www.avinodos.com,225-2350,X,Yes,,
Avril Taylor,4809 Cole Ave Suite 335,Dallas,www.avriltaylor.com,214 803-1271,,Private,,Times Ten Cellars? Dallas
AXR Winery,3199 St.Helena Hwy N,St. Helena,www.axrnapavalley.com,302-8181,X,Yes,,"Part of Unfiltered Collection, Jean's clients"
Azur Wines,15 Chateau Lane,Napa,www.azurwines.com,812-4203,X,Private,Yes,See Covert Estate
B Cellars,703 Oakville Cross Road,Oakville,www.bcellars.com,709-8787,X,Yes,Yes,
Bacio-Divino,P.O. Box 131,Rutherford,www.baciodivino.com,942-8101,X,Private,,Janzen label
Baldacci Vineyards,6236 Silverado Trail,Yountville,www.baldaccivineyards.com,944-9261,X,No,Yes,Four Sons
Ballentine Vineyards,2820 St. Helena Highway N,St. Helena,www.ballentinevineyards.com,963-7919,X,No,,
Band of Vintners,,,www.bandofvintners.com,,,Private,,
Banknote Wines,P.O. Box 2535,Napa,www.banknotewines.com,815-8453,,Private,,1/2 Sonoma
Barbour Vineyards,104 Camino Dorado,St. Helena,www.barbourwines.com,257-1829,X,Private,,Website down 1.20.22
Barlow Vineyards,4411 Silverado Trail ,Calistoga,www.barlowvineyards.com,942-8742,X,Yes,,
Barnett Vineyards,4070 Spring Mountain Road ,St. Helena,www.barnettvineyards.com,963-7075,X,Yes,Yes,
Barrett & Barrett Wines,PO Box 441,Calistoga,www.barrettwines.com,942-1105,X,Yes,,
Beaucanon Estate,1006 Monticello Road,Napa,www.beaucanonestate.com,254-1460,X,Private,,
Beaulieu Vineyard (BV),1960 St. Helena Highway ,Rutherford,www.bvwines.com,967-5230,X,No,,
Becklyn Cellars,1610 Spring Mountain Road,St. Helena,www.becklyncellars.com,295-8699,,Private,,
Behrens Family Winery,4078 Spring Mountain Road,St. Helena,www.behrensfamilywinery.com,963-1774,X,Yes,,
Bell Wine Cellars,6200 Washington Street,Yountville,www.bellwine.com,944-1673 ,X,Yes,,
Bella Union,PO Box 688,Rutherford,www.bellaunionwinery.com,967-9500,,Yes,,"FN/N&N, Wine made at long time family winery "
Bello Family Vineyards,,Napa,www.bellofamilyvineyards.com,967-8833,X,No,,Sparkling: alexandriecellars.com
Bench Vineyards,,Yountville,www.circa64wines.com,252-7272,X,Yes,,"Steltzners, Heron House"
Benediction Estates,,St. Helena,www.benedictionestates.com,713 256-9169,X,Private,,Still producing? Formerly Cabaud
Benessere Vineyards,1010 Big Tree Road,St. Helena,www.benesserevineyards.com,963-5853,X,Yes,,
Bennett Lane Winery,3340 Highway 128 ,Calistoga,www.bennettlane.com,942-6684,X,No,,
Benton Family,880 Vallejo Street,Napa,www.bentonfamilywines.com,888 317-8819,X,Yes,,"Croz Cab, Avatar"
Beresini Vineyards,,,www.beresinivineyards.com,257-0169,,Private,,Pinot Noir debra@
Bergman Family Vineyards,PO Box 321,St. Helena,www.bergmanestate.com,,,Private,,
Beringer,2000 Main St ,St. Helena,www.beringer.com,967-4412,X,No,Yes,Submerce Cellars
Bevan Cellars,3900 Matanzas Creek Ln,Santa Rosa,www.bevancellars.com,542-0123,X,Private,,
Biagi Family Wines,787 Airpark Road,Napa,www.biagifamilywines.com,256-2615,,Private,,
Bjorn,,Angwin,www.bjornvineyards.com,,,Private,,Bjorn@
Bishops Capture,,,www.bishopscapturewine.com,,,Private,,Claire Griffin Wines
Black Bottle Winery,,St. Helena,www.blackbottlewinery.com,415 806-4625,,Yes,,
Black Cat Vineyard,1352 4th Avenue,Napa,www.blackcatvineyard.com,321-0866,X,Yes,,At Star Hill Winery
Black Cordon Vineyard,4155 Dry Creek Road,Napa,www.blackcordonvineyard.com,226-6860,X,Private,,50/50 Napa/Sonoma
Black Sears Winery,2615 Summit Lake Drive,Angwin,www.blacksears.com,963-1334,X,Private,Yes,
Black Stallion,4089 Silverado Trail,Napa,www.blackstallionwinery.com,253-1400,X,No,,
Blackbird Vineyards,5033 Big Ranch Road,Napa,www.blackbirdvineyards.com,252-4444,X,Yes,,"NAPA WINE CO, MA(I)SONRY"
Blankiet Estate,2358 California Drive,Yountville,www.blankiet.com,945-0385,X,Private,Yes,
Blue Monster Wine,P.O. Box 4082,Yountville,www.bluemonster.wine,,,Private,,"Jason Dumont, Gellis Family Domain"
Bluford Wines,,Pope Valley,,965-1199,X,Private,,Jeff
Boeschen Vineyards,3242 Silverado Trail,St. Helena,www.boeschenvineyards.com,963-3674,X,Private,Yes,
Boich Family Cellar,651 Wall Road,Napa,www.boichfamilycellar.com,254-8500,X,Yes,,
BonAnno Wine,,Rutherford,www.bonannowine.com,,,Private,,Chicago/Napa Producing in Napa?
Bond Estates,P.O. Box 4261,Oakville,www.bondestates.com,944-9445,X,Private,Yes,
Bouchaine Vineyards,1075 Buchli Station Road ,Napa,www.bouchaine.com,252-9065,X,No,,
Bougetz Cellars,1455 Inglewood Ave,St. Helena,www.bougetzcellars.com,699-2187,X,No,,
Bounty Hunter,975 First Street,Napa,www.bountyhunterwine.com,252-5454,X,No,,"Pursuit, Broken Spur, Waypoint, Tin Star, Justice"
Boyd Family Vineyards,4042 Big Ranch Road,Napa,www.boydwine.com,254-7353,X,Yes,,
Bragg Vineyards,2020 Cedar Street,Calistoga,www.braggvineyards.com,415 425-4093,X,Private,,
Brand Napa Valley,90 Long Ranch Road,St. Helena,www.brandnapavalley.com,963-1199,X,Private,Yes,
Brasswood,3111 St. Helena Highway N,St. Helena,www.brasswood.com,302-5997,X,No,Yes,2nd winery: 1171 Tubbs Lane Calistoga
Bravante Vineyards,330 Stone Ridge Road,Angwin,www.bravantevineyards.com,972-1114,X,Yes,Yes,
Bremer Family,975 Deer Park Road ,St. Helena,www.bremerfamilywinery.com,963-5411,X,Yes,Yes,
Brian Arden,331 Silverado  Trail  N,Calistoga,www.brianardenwines.com,942-4767,X,No,,
Brian Edward Wines,198 Westgate Drive,Napa,www.brianedwardwines.com,927-3459,,Private,,
Brilliant Mistake Wines,,Napa,www.brilliantmistakewines.com,363-4014,X,Private,,
Brion,5537 Solano Ave,Napa,www.brionwines.com,339-7686,X,Yes,,B Wise + Amapola Creek Sonoma
Broman Cellars,945 Deer Park Road,St. Helena,www.bromancellars.com,800 514-4401,X,Private,,
Brookdale Vineyards,4006 Silverado Trail,Napa,www.brookdalewine.com,258-1454,X,Private,,SILENUS
Brookman Cellars,P.O. Box 1021,St. Helena,www.brookmancellars.com,266-8525,,Private,,Still producing?
Brown Estate,3233 Sage Canyon Road,St. Helena,www.brownestate.com,963-2435,X,Private,Yes,
Bryant Family,1567 Sage Canyon Road,St. Helena,www.bryantwines.com,963-0483,,Private,Yes,
Buccella,PO Box 11,Yountville,www.buccellawines.com,944-1000,X,Private,,Mica Label
Buehler Vineyards,820 Greenfield Road ,St. Helena,www.buehlervineyards.com,963-2155 ,X,Yes,,
Buhman Estate Vineyards,1331 Buhman Ave,Napa,www.buhmanwines.com,363-2793,X,Yes,,
Bunter Spring,1062 First Ave,Napa,www.bunterspringwinery.com,202 744-1343,X,Private,,"Winery in Napa, TR in Carmel"
Buoncristiani Family,P.O. Box 6946,Napa,www.buonwine.com,259-1681,X,Yes,,"Gemella, Taste at Vintner's Collective"
Burgess Cellars,1108 Deer Park Road ,St. Helena,www.burgesscellars.com,963-4766,X,Yes,,
Burly Cellars,4446 Stillson St,Napa,www.burlywine.com,299-7085,X,Private,,
Bydand Wines,PO Box 55,Calistoga,www.bydandwines.com,287-5563,,Private,,Produced in Napa? 1 NV Estate CS
C3 Wine Co,,,www.c3wineco.com,,,Private,,Charity 
Ca' Momi Wines,2515 Napa Valley Corp. Dr,Napa,www.camomiwinery.com,252-6664,X,No,,Indigo Eyes
Cade,360 Howell Mountain Road,Angwin,www.cadewinery.com ,945-1220,X,Yes,Yes,Owned by Plumpjack
Cain,3800 Langtry Road ,St. Helena,www.cainfive.com,963-1616,X,Yes,,
Cakebread,8300 St. Helena Highway ,Rutherford,www.cakebread.com,963-5222,X,Yes,,
Caladan Wines,,Oakville,www.caladanwines.com,,,Private,,"Chris Carpenter, Cab Franc"
Calafia Cellars,629 Fulton Lane,St. Helena,www.calafiacellars.com,963-0114,X,Yes,,
Calder Wine,1620 S. Whitehall Lane,St. Helena,www.calderwine.com,947-3126,X,Private,,
Caldwell Cave Winery,270 Kruezer Lane,Napa,www.caldwellvineyard.com,255-1294,X,Yes,Yes,
Calla Lily Wines,6307 Pope Valley Road,Pope Valley,www.callalilywines.com,965-9558,X,Private,,www.996makers.com
Calmere Estate,2750 Las Amigas Road,Napa,www.calmereestate.com,302-1160,X,Yes,,"Owned by Peju, formerly Acacia"
Cami Vineyards,1333B Lincoln Ave,Calistoga,www.camivineyards.com,709-6889,X,No,,
Canard Vineyard,1016 Dunaweal Lane,Calistoga,www.canardvineyard.com,942-1149,X,Yes,,
Cannatelli Wines,7035 Silverado Trail,Yountville,www.cannatelliwines.com,949 355-6188,X,Private,,
Cardano Estate Wines,,,www.cardanoestatewines.com,339-6901,,Private,,Ed Snider
Cardinale Estate,7600 St. Helena Highway ,Oakville,www.cardinale.com ,948-2643 ,X,Yes,,"KJ owned - Ropert Pepi, La Jota, FA"
Carneros Della Notte,1003 Dealy Lane,Napa,www.carnerosdellanotte.com,495-2464,X,Private,,
Carneros Wine Co,1134 Dealy Lane,Napa,www.carneroswinecompany.com,253-9464,X,No,,Made in Sonoma?
Caro Nonno Wines,,,www.carononnowines.com,925 785-9725,,Private,,Napa & some non Napa wines
Carte Blanche,,Napa,www.carteblanchewine.com,512-0766,,Yes,,About 50/50 Napa & Sonoma wines
Carter Cellars,1170 Tubbs Lane,Calistoga,www.cartercellars.com,445-0311,X,No,,"Made at Envy, Carter House, Eureka"
Casa Nuestra,3451 Silverado Trail ,St. Helena,www.casanuestra.com,963-5472 ,X,Yes,,
Casa Piena,PO Box 870,St. Helena,www.casapiena.com,967-7016,X,Yes,,
Caspar Estate,1780 Whitehall Lane,Rutherford,www.casparestate.com,967-8400,X,Private,,"Cultivar Wine, TR SF"
Castello di Amorosa,4045 North St Helena Hwy ,Calistoga,www.castellodiamorosa.com,942-8200,X,No,,
Castelluci,1575 St. Helena Highway,St. Helena,www.castelluccinapavalley.com,968-9686,X,Private,,
Castiel Estate,PO Box 985,Angwin,www.castielestate.com,927-8828,X,Private,,
Caterwaul,,Calistoga,www.caterwaulwines.com,341-3127,,Private,,
Cathiard Family Estate,1978 Zinfandel Lane,,,,X,No,Yes,Formerly Flora Springs
Cave Dog,,Napa,www.cavedogwine.com,,X,Private,,
Cavus Vineyards,100 Swan Way Ste. 206,Oakland,www.cavusvineyards.com,413-6141,X,Private,,
Caymus Vineyards,8700 Conn Creek Road,Rutherford,www.caymus.com,967-3010,X,Yes,,"Emmolo, Conundrum, MS, RS, SS, Bon"
Ceja Estate,1016 Las Amigas Road ,Napa,www.cejavineyards.com,255-3954,X,Yes,,
Celani Family Vineyards,2230 Big Ranch Road,Napa,www.celaniwines.com,877 273-6731,X,Private,,
Cervantes Family Vineyard,4520 Hardin Road,St. Helena,www.cervantesfamilyvineyards.com,,X,Private,,
Chaix Wines,,Rutherford,www.chaixwines.com,,X,Private,,
Chappellet,1581 Sage Canyon Road,St. Helena,www.chappellet.com,963-7136,X,Yes,,
Charles Krug,2800 Main Street,St. Helena,www.charleskrug.com,967-2200,X,No,,Aloft Wine www.aloftwine.com
Charter Oak Winery,831 Charter Oak Ave,St. Helena,www.charteroakwine.com,963-2298,X,Yes,,
Charthia Cellars,23 Walkabout Lane,Napa,www.charthiacellars.com,980-8026,X,Private,,
Chase Family Cellars,2252 Sulphur Springs,St. Helena,www.chasecellars.com,963-1284,X,Yes,,
Chateau Boswell,3468 Silverado Trail,St. Helena,www.chateauboswellwinery.com,963-5472 ,X,Yes,Yes,Jacquelynn Label
Chateau Montelena,1429 Tubbs Lane ,Calistoga,www.montelena.com,942-5105,X,No,Yes,
Checkerboard Vineyards,4325 Azalea Springs Way,Calistoga,www.checkerboardvineyards.com,942-8512,X,Private,Yes,
Chiarello Family,6525 Washington St A-2,Yountville,www.chiarellovineyards.com,220-8307,X,No,, NAPA STYLE. WS Down 1.20.22
Chimney Rock,5350 Silverado Trail ,Napa,www.chimneyrock.com,257-2641x3206,X,No,,
Chinnock Cellars,4336 Summerfield Drive,Napa,www.chinnockcellars.com,259-1628,,Private,,No longer producing?
Chiron Wine,PO Box 5118,Napa,www.chironwines.com,707 666-1111,X,Yes,,"Mostly non Napa wines, 1 napa wine"
Christopher Tynan Wines,,Yountville,www.christophertynan.com,235-5689,,Private,,
Cimarossa,1185 Friesen Drive,Angwin,www.cimarossa.com,307-3130,X,Private,,
Clark-Claudon,P.O. Box 15,St. Helena,www.clarkclaudon.com,965-9393,X,Private,,VINTNER'S COLLECTIVE
Claudine Wines,,Napa,www.claudinewines.com,,,Private,,"Negociant model, 2 brothers"
Clif Family Winery,709 Main Streeet,St. Helena,www.cliffamilywinery.com,968-0625,X,Private,,"VeloVino TR, St Helena"
Cliff Lede,1473 Yountville Cross Road ,Yountville,www.cliffledevineyards.com,944-8642 ,X,No,Yes,
Clos Du Val,5330 Silverado Trail  ,Napa,www.closduval.com,261-5200,X,No,,
Clos Pegase,1060 Dunaweal Lane ,Calistoga,www.clospegase.com,942-4981x213,X,No,Yes,
Cobblestone Wines,150 Cotner Ave,LA,www.cobblestonewine.com,259-1110,X,Private,,25 acres in Atlas Peak
Cobden-Wini Wines,1200 Orchard Ave,Napa,www.cobdenwini.com,,,Private,,Mostly non Napa wines
Cockerell Wines,P.O. Box 493,Calistoga,www.coquerelwines.com,942-4534,X,Private,,
COHO,P.O. Box 5726,Napa,www.cohowines.com,258-2566,X,Private,,
Colgin Cellars,220 Long Ranch Road,St. Helena,www.colgincellars.com,963-0999,X,Private,,
Comis Estate,,Napa,www.comisestate.com,927-4390,,Private,,
Component Wine,270 Kruezer Lane,Napa,www.componentwine.com,332-2499,X,Private,,
Conclusion Wines,,,www.conclusionwines.com,404 456-9217,,Private,,Mostly non Napa
Conn Creek/Villa Mt. Eden,8711 Silverado Trail ,St. Helena,www.conncreek.com,963-9100,X,No,,
Constant Diamond Mountain,2121 Diamond Mountain Rd,Calistoga,www.constantwine.com,942-0707,X,Yes,Yes,
Continuum Estate,1677 Sage Canyon Road,St. Helena,www.continuumestate.com,944-8100,X,Private,Yes,Smallest wine cave in NV
Corison,987 St. Helena Highway,St. Helena,www.corison.com,963-0826,X,Yes,,
Cornerstone Cellars,1465 1st Street,Napa,www.cornerstonecellars.com,945-0388,X,Private,,
Corra,1241 Adams St. #1024,St. Helena,www.corrawines.com,963-4523,X,Private,,Celia W's own label
Cosentino,7415 St. Helena Highway ,Yountville,www.cosentinowinery.com,944-1220 ,X,No,,
Coupe de Foudre,135 Camino Dorado,Napa,www.coupdefoudrewine.com,235-8300,,Private,,50/50 Napa St Lucia Highlands
Courtesan Wines,P.O. Box 30,Rutherford,www.courtesanwines.com,415 713-5331,X,Private,,
Covert Estate,15 Chateau Lane,Napa,www.covertestate.com,337-5943,X,Yes,Yes,"Purlieu, Le Pich & Azur"
Covey & Linn Wine,,,www.coveylinnwine.com,,,Private,,Made at Summit Lake?
Crane Family,1051 Borrett Lane,Napa,www.cranefamilyvineyards.com,259-0175,X,Private,,
Cresta Velia,62 Hahnemann Lane,Napa,www.crestavelia.com,815-9099,X,Private,,
Crocker & Starr,700 Dowdell Lane,St. Helena,www.crockerstarr.com,967-9111,X,Private,,NAPA WINE CO (Bridesmaid)
Crosby Roamann,1832 Soscal Ave Suite 115,Napa,www.crosbyroamann.com,266-6291,X,Yes,,
Cuvaison Estate Wines,1221 Duhig Road ,Napa,www.cuvaison.com,942-6266,X,Yes,,
Cyrus Creek,P.O. Box 576,Calistoga,www.cyruscreek.com,415 282-8385,,Private,,
D.R. Stephens Estate,1860 Howell Mountain Rd,St. Helena,www.drstephensestate.com,963-2908,X,Yes,,
Dakota Shy,771 Sage Canyon Road,St. Helena,www.dakotashywine.com,244-1184,X,Yes,,Todd Newman
Dalecio Family Wines,,St. Helena,www.dalecio.com,345-1605,,Yes,,
Dalla Valle,7776 Silverado Trail,Napa,www.dallavallevineyards.com,944-2676,X,Private,,
Dana Estates,1500 Whitehall Lane ,Rutherford,www.danaestates.com,963-4365,X,Private,,Vaso Cellars
Darjean Jones,,,www.darjeanjoneswines.com,266-6547,,Private,,50/50 Napa / Sonoma
Dark Matter Wines,383 Las Posadas Road,Angwin,www.darkmatterwines.com,548-9651,X,Yes,,
Darioush,4240 Silverado Trail ,Napa,www.darioush.com,257-2345,X,Yes,,"Sage Vineyards, Duel Wine, Caravan Serai"
Darms Lane Wine,1150 Darms Lane,Napa,www.darmslanewine.com,224-4218,X,Private,,old Crichton Hall Vineyard
Davis Estates,4060 Silverado Triail N,Calistoga,www.davisestates.com,942-0700,X,Yes,Yes,
David Arthur Vineyards,1521 Sage Canyon Road,St. Helena,www.davidarthur.com,963-5190,X,Yes,,210 Long Ranch Road
David Fulton Winery,825 Fulton Lane,St. Helena,www.davidfultonwinery.com,967-0719,X,Yes,,Me Wine
Decades 5,2370 Market St #127,San Franc.,www.decades5.com,738-0011,,Private,,"One wine, PV - Still producing?"
Del Dotto Estate,1445 Highway 29,St. Helena,www.deldottovineyards.com,963-2134,X,Yes,Yes,
Del Dotto Vineyards,11055 Atlas Peak Road,Napa,www.deldottovineyards.com,963-2134,X,Yes,Yes,Owns Harrison Vineyards
Delectus Winery,1091 S. Helena Highway,St. Helena,www.delectuswinery.com,244-5080,X,Yes,,In old Milat Vineyards Tasting Room
Delgadillo Cellars,995 Vintage Ave #103,St. Helena,www.dcellars.com,963-1729,X,Private,,
Dearden Wines,P.O. Box 4364,Napa,www.deardenwines.com,363-8555,,Private,,Multiple labels: Sleeping Giant ...
Denali Estate Wines,360 Taplin Road,St. Helena,www.denaliestate.com,206 369-9608,,Private,,Walt & Kathryn (Taplin Road)
Depiction Wines,,St. Helena,www.depictionwines.com,,X,Private,,Sebastian Lane
DeSante Wines,P.O. Box 1027,St. Helena,www.desantewines.com,968-9264,X,Private,,
Detert Family Vineyards,1500 Walnut Lane,Oakville,www.detert.com,893-7262,X,Private,,
Diamond Creek Vineyards,1500 Diamond Mountain Rd,Calistoga,www.diamondcreekvineyards.com,942-6926,X,Private,,
Dolce,1350 Acacia Drive ,Oakville,www.dolcewine.com,944-8868,X,Private,Yes,"Made at Far Niente, has own Cave"
Domain Chandon,1 California Drive,Yountville,www.chandon.com,944-2280,X,No,,
Domain Charbay,4001 Spring Mountain Road,St. Helena,www.charbay.com,963-9327,X,Yes,,Production moved to Ukiah??
Domaine Carneros,1240 Duhig Rd,Napa,www.domainecarneros.com,800 716-2788,X,No,,
Dominus Estate,2570 Napanook Road,Yountville,www.dominusestate.com,944-8954,X,Private,,"Napanook, Ulysses Vineyard"
Dos Lagos,4080 Atlas Peak Road,Napa,www.doslagosvineyards.com,278-4080,X,Private,,
Double Plus,1241 Adams St #1111,St. Helena,www.doublepluswines.com,363-3281,,Yes,,
Drinkward Peschon,1547 Main Street,St. Helena,www.drinkwardpeschon.com,963-6156,X,Private,,
Driscoll Wine Company,,St. Helena,www.driscollwineco.com,227-7899,,Private,,"Tilth, some NV, outside of NV Hibou"
Duckhorn,1000 Lodi Lane,Calistoga,www.duckhornvineyards.com,963-7108,X,Yes,,
Duhig Wine,PO Box 387,Napa,www.duhigwine.com,,X,Private,,2016 1st vintage?
Dunn Vineyards,805 White Cottage Road,Angwin,www.dunnvineyards.com,965-3642,X,Private,Yes,
Dutch Henry Winery,4310 Silverado Trail,Calistoga,www.dutchhenry.com,942-5771,X,No,Yes,
Dyer Wine,1501 Diamond Mountain Rd,Calistoga,www.dyerwine.com,942-5502,X,Private,,
E. Gordon Wines,918 Enterprise Way #G,Napa,www.egordonwines.com,253-9338,X,Private,,Punk Dog Wines
Eagle Eye,6595 Gordon Valley Road,Napa,www.eagleeyewine.com,427-1600,X,Private,,
Edge Hill,2585 Sulphur Springs Road,St. Helena,www.edgehill.com,948-2668,X,Private,Yes,Owned by Joel Gott
Egelhoff Wines,1397 Sylvaner Ave,St. Helena,www.bobegelhoff.com,963-4015,X,Private,,Still producing?
Ehlers Estate,3222 Ehlers Lane ,St. Helena,www.ehlersestate.com,963-5972,X,No,,www.leducq.com
Eisele Vineyard Estate,2155 Pickett Road,Calistoga,www.eiselevineyard.com,942-6061,X,Private,Yes,
El Molino Winery,3781 Silverado Trail,St. Helena,www.elmolinowinery.com,963-3632,X,Yes,Yes,
Elan Vineyards,4500 Atlas Peak Road,Napa,www.elanvineyards.com,252-3339,X,Yes,,
Eleven Eleven Wines,620 Trancas Street,Napa,www.elevenelevenwines.com,224-2211,X,No,,
Elizabeth Spencer,1165 Rutherford Road ,Rutherford,www.elizabethspencerwines.com,963-6067,X,No,,
Elkhorn Peak Cellars,200 Polson Road,Napa,www.elkhornpeak.com,255-0504,X,Yes,,Pinot Noir
Ellman Family Vineyards,1461 1st Streeet,Napa,www.ellmanfamilyvineyards.com,947-3010,X,Private,,
Elusa Winery,400 Silverado Trail N,Calistoga,www.elusawinery.com,403-6604,X,Private,,At the Four Seasons in Calistoga
Elyse,2100 Hoffman Lane,Napa,www.elysewinery.com,944-2900 ,X,Yes,,www.2100hoffmanlane.com
Emerson Brown Wines,4281 Dale Drive,Napa,www.emersonbrownwines.com ,257-1686,X,Private,,
Emmaus Wines,Monte Vista Drive,Napa,www.emmauswines.com,699-1555,,Private,,Coombsville
Encanto Vineyards,Vintage Lane,St. Helena,www.encantovineyards.com,967-9934,X,Private,,
Entrepreneur Wines,7908 Paragon Circle S. 100,Pleasanton,www.entrepreneurwines.com,925 461-9600,X,Private,,
Envy Wines,1170 Tubbs Lane,Calistoga,www.envywines.com,942-4670,X,Yes,,"Carter Cellars, Vine Hill"
Eponymous,P.O. Box 438,Oakville,www.eponymouswines.com,257-7393,X,Private,,
Epps Estate,4557 Linda Vista Ave,Napa,www.eppsestatevineyards.com,322-2462,,Private,,
Erosion Wine Co,1234 Main Street,St. Helena,www.erosion.wine,820-4445,X,No,,Napa TR also
Essere Franco,7744 St. Helena Highway,Napa,www.esserefranco.com,339-8019,X,No,,Mia Carta TR Napa
Estee Hill,PO Box 2545,Napa,www.esteehill.com,815-0648,,Private,,Coombsville
Etude,1250 Cuttings Wharf Road,Napa,www.etudewines.com,257-5300,X,Yes,,
Euclid,4217 Grapevine Drive,Napa,www.euclidwines.com,681-9463,X,Private,,
Evidence Wines,,,www.evidencewines.com,818 481-1082,,Private,,
Experience Wines,PO Box 747,Napa,www.experiencewines.com,888-8700,,Private,,
Extea Wines,1049 La Grande Ave,Napa,www.etxeawines.com,343-8932,,Private,,"Only 1 NV wine, produced in Napa??"
Failla,3530 Silverado Trail,St. Helena,www.faillawines.com ,963-0530,X,Yes,Yes,
Fairchild Family Vineyards,PO Box 2000,St. Helena,www.fairchildwines.com,963-9990,X,Private,,
Fairwinds Estate,4550 Silverado Trail N,Calistoga,www.fairwindsestatewinery.com,341-5300,X,No,Yes,Valley Floor
Fairest Creature,Main Street,St. Helena,www.fairestcreature.com,,X,Private,,
Fait-Main Wines,,St. Helena,www.faitmainwines.com,766-0888,X,Private,,Benoit
Falcor Wine Cellars,2511 NV Corporate Dr #115,Napa,www.falcorwines.com,255-6070,X,Yes,,
Fantesca Estate,2920 Spring Mountain Road,St. Helena,www.fantesca.com,968-9229,X,Private,Yes,"Hands on Harvest Event, Adopt a Grape"
Far Niente ,1350 Acacia Drive ,Oakville,www.farniente.com,944-2861,X,Yes,Yes,
Farella Vineyard,2222 North Third Avenue ,Napa,www.farella.com,254-9489,X,Yes,,Alta Wines
Farm  Napa Valley,1030 Seminary Street,Napa,www.farmnapavalley.com,257-3276,,No,,John Truchard/Taste at John Anthony
Faustini Wines,270 Kruezer Lane,Napa,www.faustiniwines.com,736-6050,X,Yes,,
Favia Wine,5074 Old Sonoma Road,Napa,www.faviawine.com,812-2546,X,Private,,Levithian label
FE Wines,PO Box 31 ,St. Helena,www.fewines.com,244-1191,,Private,,Spring Mountain
Fine Disregard Wine,41 Linnell Ave,Napa,www.finedisregardwine.com,681-5984,X,Private,,
Fisher Vineyards,4775 Silverado Trail N,Calistoga,www.fishervineyards.com,539-7511,X,Yes,,Calistoga winery + Santa Rosa 
Fifty Row,PO Box 10023,Napa,www.fiftyrow.com,501-5703,X,Yes,,
First Avenue Vineyards,2203 First Ave,Napa,www.firstavenuevineyards.com,252-6699,,Private,,
Five Vintners,1985 Vineyard Ave,St. Helena,www.fivevintners.com,688-9219,,Private,,Napa & Sonoma sources
Fleury Estate,950 Galleron Lane ,Rutherford,www.fleurywinery.com,974-9951,X,Yes,,
Flint Knoll,1251 Tubbs Lane,Calistoga,www.flintknoll.com,,X,Private,,Aaron
Flora Springs,677 S. St. Helena Hwy,St. Helena,www.florasprings.com,967-8032,X,No,,Bodacious Wines
Fluent Wine,PO Box 96,St. Helena,www.fluentwine.com,681-5763,,Private,,
Flying Lady Winery,3747 Langtry Road,St. Helena,www.flyinglady.com,227-8618,,Yes,,Burned down in 2020
Foley Johnson,8350 St. Helena Highway,Rutherford,www.foleyjohnsonwines.com,963-1980,X,Yes,,
Fontanella Family Winery,1721 Partrick Road,Napa,www.fontanellawinery.com,252-1017,X,No,Yes,
Fork in the Road,,,www.forknapa.com,415 860-6273,,Private,,Wines made in Napa?
Forman Vineyards,1501 Big Rock Road,St. Helena,www.formanvineyard.net,963-3900,X,Yes,Yes,Margaret
Forthright Winery,2255 Dry Creek Road,Napa,www.forthrightwinery.com,690-8985,X,Yes,Yes,
Fortunati Vineyards,986 Salvador Ave,Napa,www.fortunativineyards.com,255-9300,X,Private,,
Fortune 1621,,Napa,www.fortune1621.com,,,Private,,
Founders Ranch,,St. Helena,www.foundersranchwine.com,967-7667,,Private,,JCB owned
Fourth Leaf,,St. Helena,www.fourthleafwines.com,225-2759,X,Yes,,
Frank Family Vineyards,1091 Larkmead Lane ,Calistoga,www.frankfamilyvineyards.com,800 574-9463 ,X,No,,"Promise Winery, Winston Hill"
Frank Fredericks Estate,4225 Solano Ave Ste. 599,Napa,www.frankfredericksestate.wine,752-7005,,Private,,
Freedom Estate Wines,433 Soscol Ave Suite A100,Napa,www.freedomestatewine.com,265-0500,,Private,,Shawn@
Freemark Abbey,3022 St Helena Highway N,St. Helena,www.freemarkabbey.com,963-9698 X241,X,No,,
Frias Family Vineyard,3125 North St. Helena Hwy,St. Helena,www.friasfamilyvineyard.com,415 566-2419,X,Yes,,TR 1886 El Centro Ave Napa
Frisinger Family Vineyard,2275 Dry Creek Road,Napa,www.frisingerfamilywine.com,338-5009,X,Yes,,
Frisson Wines,,Napa,www.frissonwines.com,224-1222,X,Private,,
Frog's Leap Winery,8815 Conn Creek Road,Rutherford,www.frogsleap.com,963-4704,X,Yes,,
Fulcrum Wines,25 E. Napa Street Suite 25,Sonoma,www.fulcrumwines.com,931-6097,,Private,,"One NV wine, rest Sonoma, TR in Sonoma"
Fuse Wine,P.O. Box 2041,Napa,www.fusewine.com,265-6492,,Private,,"Signorello, Trim Wines"
Futo Family Estate,P.O. Box 410,Oakville,www.futowines.com,944-9333,X,Private,,
Gaderian Wines,3524 Silverado Trail North,St. Helena,www.gaderianwines.com,345-1851,X,Yes,,
Gagnon-Kennedy,270 Kruezer Lane,Napa,www.gkvwine.com,332-2499,,Yes,,
Gallegos Wines,PO Box 343,Rutherford,www.gallegoswines.com,815-0620,X,Private,,
Gamble Family Vineyards,7554 St. Helena Highway,Oakville,www.gamblefamilyvineyards.com,9444-2999,X,Private,,
Gamling and McDuck,1420 2nd Street,Napa,www.gamlingandmcduck.com,819-2835,X,No,,
Gandona Estate,1535 Sage Canyon Road,St. Helena,www.gandona.com,967-5550,X,Yes,Yes,
Gargiulo Vineyards,575 Oakville Crossroad,Napa,www.gargiulovineyards.com,944-2770 ,X,Yes,,
Gemstone Vineyard,7153 Silverado Trail,Napa,www.gemstonewine.com,944-0944,X,Private,,Made at V. 29
Geodesy ,,,www.geodesywine.com,890-8333,,Private,,"J Jordan, old Kuleto piece. Most no NV"
Gentleman Farmer Wines,6633 Yount Street,Yountville,www.gentlemanfarmerwines.com,948-6107,X,Private,,Taste at Silenus
Ghost Block ,7830 St. Helena Highway,Angwin,www.ghostblockwine.com,339-6672,X,Yes,,Owners of Napa Wine Co
Ghost Horse World,680 Rossi Road,St. Helena,www.ghosthorseworld.com,322-8025,X,Private,Yes,
Gibbs Estate Wines,617 Crystal Springs Road,St. Helena,www.gibbsnapavalley.com,963-3997,X,Yes,,"Terroir Napa Valley, Sentall labels"
Givich Vineyards,6015 Steele Canyon Road,Sunnyvale,www.givichvineyards.com,650 697-4427,X,Private,,
Girard Winery,6795 Washington Street,Yountville,www.girardwinery.com,968-9297,X,Yes,Yes,
Glenwood Cellars,2820 St. Helena Highway N,St. Helena,www.glenwoodcellars.com,574 296-1335,,Private,,1/2 Napa 1/2 Sonoma approx
Glorius Revolution,,Calistoga,www.grnapa.com,,,Private,,
GNG Napa Valley,,Napa,gngnapavalley.square.site,363-3309,,Private,,
Goosecross Cellars,1119 State Lane,Yountville,www.goosecross.com,944-1986,X,No,,Aeros
Graeser Winery,877 Vallejo Street,Napa,www.graeserwinery.com,256-9293,,Private,,
Grace Family Vineyards,1210 Rockland Drive,St. Helena,www.gracefamilyvineyards.com,963-0808,X,Private,,500th visit
Grade Cellars,P.O. Box 22,Calistoga,www.thegradevineyard.com,967-8200,X,Private,,
Grand Napa Vineyards,8461 St. Helena Highway,Napa,www.grandnapavineyards.com,738-1149,,Private,,Formerly Slaughterhouse Cellars??
Grassi Wine Company,1213 Coombs Street,Napa,www.grassiwines.com,224-7142,X,Private,,
Gratus Vineyards,2322 Barnett Road,St. Helena,www.gratusvineyards.com,921-8470,X,Private,,
Green & Red Vineyard,3208 Chiles-Pope Valley,Napa,www.greenandred.com,965-2346,X,Private,Yes,
Greer Wine,,Rutherford,www.greerwine.com,332-6825,X,Private,,
Greyscale Wines,P.O. Box 213,Orinda,www.greyscalewines.com,925 255-5187,X,Private,,Lovall Valley
Grieve Family Winery,465 First Street West 2nd F,Sonoma,www.grievewinery.com,938-9670,X,Yes,,
Grgich Hills,1829 St. Helena Highway ,Rutherford,www.grgich.com ,963-2784,X,No,,
Grounded Wine Co,,,www.groundedwineco.com,287-2489,,Yes,,"1 Napa wine made in Napa, others non N"
Groth,750 Oakville Cross Road,Oakville,www.grothwines.com,944-0290,X,Yes,,
Grow Wines,PO Box 202,Rutherford,www.growwines.com,225-1642,X,Private,,
Guarachi Family Wines,3148 Soda Canyon Road,Napa,www.guarachifamilywines.com,818 225-1500,X,Private,,
Gustavo Wine,1021 McKinstry Street,Napa,www.gustavowine.com,257-6796,X,Yes,,
Haber Family Vineyards,345 Pine Breeze Drive,Angwin,www.haberfamilyvineyards.com,965-9177,X,Private,,
Hagafen Cellars,4160 Silverado Trail ,Napa,www.hagafen.com,252-0781 ,X,No,,Don Ernesto Wines
Hailstone Vineyards,,Napa,www.hailstonevineyards.com,469 916-3899,,Yes,,"Chris, Dallas"
Hall Winery St. Helena,401 St. Helena Highway S,St. Helena,www.hallwines.com,967-2620,X,No,Yes,Other: Location Wine Caves Auberge
"Hall Winery, Rutherford",56 Auberge Road,Rutherford,www.hallwines.com,967-0700,X,Yes,,
Handwritten,6494 Washington Street,Yountville,www.handwrittenwines.com,944-8524,X,No,,
Hard Six Cellars,1755 Diamond Mountain Rd,Calistoga,www.hardsixcellars.com,942-4806,X,Private,,
Harlan Estate,1567 Oakville Grade,Oakville,www.harlanestate.com,944-1441,X,Private,Yes,600th visit
Harman Durand Estates,,Napa,www.harmondurandestates.com,,,Private,,Wine made in Napa?
Hartwell Vineyards,5795 Silverado Trail,Napa,www.hartwellvineyards.com,255-4269,X,Yes,Yes,
Harumph Wines,1104 Adams Street,St. Helena,www.harumphwines.com,628-7600,X,Private,,
Hayfork Wine Co,1795 Lewelling Lane,St. Helena,www.hayforkwine.com,227-4438,X,Private,,
HdV Vineyards,588 Trancas Street,Napa,www.hdvwines.com,251-9978,X,Yes,,De La Guerra Label
Heibel Ranch Vineyards,1241 Adams St. #1043,St. Helena,www.heibelranch.com,968-9289,X,Yes,,Ranch tour & tasting
Heimark ,432 Dutch Henry Canyon Rd,Calistoga,www.heimarkvineyard.com,200-7766,X,No,,
Heitz Cellar,436 St. Helena Highway S,St. Helena,www.heitzcellar.com,963-3542,X,No,,"Estate: 500 Taplin Road, St. Helena"
Helianthus,,,www.helianthuswine.com,945-0445,,Private,,
Hendry,3104 Redwood Road,Napa,www.hendrywines.com,226-8320,X,Yes,,
Hensley Family,1721 Partrick Road,Napa,www.hensleyfamilyvineyards.com,,,Private,,
Herencia Wines,1443 Silverado Trail,Rutherford,www.herenciawines.com,253-8466,X,No,,
Heritage School Vineyards,225 Franz Valley School Rd,Calistoga,www.heritageschoolvineyards.com,942-1513,X,Private,,
Heritance Wines,48 Harbor Park Drive,"PW, NY",www.heritancewines.com,561 893-9998,X,Yes,,
Hertelendy ,2275 Soda Canyon Road,Napa,www.hertelendy.com,510 629-9463,X,Yes,,
Hesperian Wines,3189 Atlas Peak Road,Napa,www.hesperianwines.com,255-1256,X,Private,,
Hess Collection,4411 Redwood Road,Napa,www.hesscollection.com ,255-1144,X,No,,Another winery in American Canyon
Hestan Vineyards,6548 Washington Street,Yountville,www.hestanvineyards.com,551-2882,X,Yes,,"TR Yountville, Meyer & Stephanie"
High Dive Cellars,,Oakville,www.highdivecellars.com,690-7400,,Private,,Made in Oakville 1 wine (other brands)
Highlands Winery,P.O. Box 3239,Napa,www.highlandswinery.com,603-2096,X,Private,,
Hill Family Estate,6512 Washington Street,Yountville,www.hillfamilyestate.com ,944-9580,X,No,,Tastings also at winery south of Yountville
Hillwalker Vineyards,,Napa,www.hillwalkervineyards.com,,,Private,,Mt. Veeder
Hindsight Wines,2383 Mora Ave,Calistoga,www.hindsightwines.com,942-9000,X,Private,,800th visit NWP
Hine Ranch,4520 Hardin Road,St. Helena,www.hineranch.com,287-0553,,Private,,Xavier Cervantes
Hobel,,Calistoga,www.hobelwines.com,385-9757,X,Yes,,
Honig Winery,850 Rutherford Road ,Rutherford,www.honigwine.com,963-5618 x318,X,Yes,,
Honrama Cellars,1916 N Kelly Road,Napa,www.honramacellars.com,628-2743,X,No,,TR in Sonoma
Hoopes Vineyard,6204 Washington Street,Yountville,www.hoopesvineyard.com,944-1869,X,Private,,"Also Hoopla, Liparita Cellars. Also estate YV"
Hope & Grace,6540 Washington Street,Yountville,www.hendrickswines.com,944-2500,X,No,,Hendricks wine
Hossfeld Vineyards,1250 Loma Vista Drive,Napa,www.hossfeldvineyards.com,257-6337,X,Private,,
Hourglass,"1104 Adams St., Ste 103",St. Helena,www.hourglasswines.com,968-9332,X,Private,Yes,
Hovering Hawk,100 Napa Junction Road,A Canyon,www.hoveringhawkwines.com,203-8862,,Private,,
Howell At The Moon,1221 Jones Street,SF,www.howellatthemoonwine.com,415 310-8628,X,Private,,
Howell Mountain Vineyards,150 Olive Ave,Angwin,www.howellmountainvineyards.com,637-9400,X,Private,,"1,100th review on NWP"
Hudson Vineyards,5398 Carneros Highway,Napa,www.hudsonvineyards.com,255-1455,X,Private,Yes,
Hugo Family Cellars,24 Geraldine Court,Napa,www.hugofamilycellars.com,927-3319,X,Private,,50% grapes from Sonoma?
Hundred Acre,Silverado Trail,St. Helena,www.hundredacre.com,967-9398,,Private,,"Fortunate Son, old David Fulton Winery"
Hunnicutt Wines,3524 Silverado Trail North,St. Helena,www.hunnicuttwines.com,963-2911,X,Private,Yes,
Hunter Glenn,1201 Darms Lane,Yountville,www.hunterglenn.com,738-4860,X,Yes,,8687 Wines
Husic Vineyards,189 Ridge Road,Napa,www.husicvineyards.com,812-4909,X,Private,,
Hyde Wines,1044 Los Carneros Ave,Napa,www.hydewines.com,265-7626,X,Yes,,
Ideology Cellars,5225 Solano Avenue,Napa,www.ideologycellars.com,226-2151,X,Yes,,This is the Silenus Vintners own label
Ilsley,6275 Silverado Trail ,Napa,www.ilsleyvineyards.com,944-1621,X,Yes,,SILENUS
III Rows,302 Longmeadow Drive,Baton Rouge,www.iiirows.com,256 810-6863,,Private,,Kent Jarmon + Louisina
Imago Mundi Wine,,Houston,www.imagomundiwine.com,832 289-6099,,Private,,"Steve Reynolds, Houston "
Impensata,PO Box 326,St. Helena,www.impensata.com,709-0515,,Private,,Made at Wheeler Farms
In Vino Felicitas Wines,,,www.invinofelicitaswines.com,,X,Private,,"Stackhouse, Illaria, Sergio"
Inglenook,1991 St. Helena Highway,St. Helena,www.inglenook.com,968-1100,X,No,Yes,
Institution Wine,2100 Hoffman Lane,Yountville,www.institutionwinery.com,947-7934,,No,,
Italics Wine,40 Rapp Lane,Napa,www.italicswine.com,258-0106,X,Yes,Yes,
J Gregory Wines,1890 El Centro Ave,Napa,www.jgregorywines.com,474-2149,X,Yes,,
J. Moss Wines,901 Enterprise Way ,Napa,www.jmosswines.com,647-3388,X,Yes,,Puerta Dorada
Jack Brooks,P.O. Box 738,Calistoga,www.jbvineyard.com,942-1237,X,Private,,
Jack Winery,PO Box 4053,Yountville,www.jackwinery.com,492-5436,X,Yes,,
Jacob Franklin Wines,,,www.jacobfranklinwines.com,666-2989,,Private,,
Jaffe Estate,1240 Spring Street,St. Helena,www.jaffeestate.com,967-9146,X,Private,,
James Cole,5014 Silverado Trail,Napa,www.jamescolewinery.com,251-9905 ,X,Yes,,"Farm Collective, Napa Valley"
Jarvis,2970 Monticello Rd,Napa,www.jarviswines.com,800 255-5280,X,Yes,Yes,
Jasud Estate,,Calistoga,www.beta-wines.com,,X,No,,
Jax Vineyards,3468 Highway 128,Calistoga,www.jaxvineyards.com,415 341-5225,X,Private,,
JDB Wines,PO Box 457,Napa,www.jdbwines.com,287-2141,X,Private,,Making in Napa? Some non Napa
Jean Edwards,1021 Atlas Peak Road B ,Napa,www.jeanedwardscellars.com,973 402-8524,X,No,,Wines on First
Jericho Canyon Vineyard,3292 Old Lawley Toll Road,Calistoga,www.jerichocanyonvineyard.com,942-9665,X,Yes,Yes,
Jessup Cellars,6740 Washington Street,Yountville,www.jessupcellars.com,944-8523,X,No,,
Joel Gott Wines,2055 Hoffman Lane,Napa,www.gottwines.com,963-3365,,Private,,NAPA WINE CO
John Anthony,3230 Old Sonoma Road,Napa,www.johnanthonyvineyards.com,265-7711,X,Private,,"JAM Cellars, BUTTER Wines"
Johndrow Vineyards,,St. Helena,www.johndrowvineyards.com,405 833-1544,,Private,,
Jon Nathaniel,1978 Zinfandel Lane,St. Helena,www.jonnathanielwines.com,967-6754,X,Private,,"Separate from Fsprings, Komes Fam."
Jones Family Vineyards,P.O. Box 352,Calistoga,www.joneswine.com,942-0467,X,Private,,NAPA WINE CO
Joseph Cellars,4455 St. Helena Hwy,Calistoga,www.josephcellars.com,942-999,X,Private,Yes,
Joseph George,1559 Meridian Ave,San Jose,www.josephgeorge.com,408 448-9463,X,Private,,Wine shop San Jose
Joseph Phelps,200 Taplin Road,St. Helena,www.josephphelps.com,963-2745,X,Yes,,
JP Harbison,7601 Silverado Trail,Napa,www.harbisonwines.com,916 422-1972,,Private,,Makes 6 barrels at Miner Family
Judd's Hill,2332 Silverado Trail,Napa,www.juddshill.com,255-2332,X,Yes,,
Juslyn Vineyards,2900 Spring Mountain Rd,St. Helena,www.juslynvineyards.com,265-1804,X,Yes,,SILENUS
Kaiser Family Winery,1457 Lincoln Ave,Calistoga,www.kaiserfamilywinery.com,341-3450,X,Yes,,
Kale Wines,708 1st Street,Napa,www.kalewines.com,224-4041,X,No,,
Kanpai Wines,4120 Dry Creek Road,Napa,www.kanpai.wine,626 319-1400,,Private,,
Kapcsandy Family Winery,1001 State Lane,Yountville,www.kapcsandywines.com,948-3100,X,Yes,,"Thurs, Friday 2pm Sept onward"
Kasten Family Wines,4179 Big Ranch Road,Napa,www.kastenwines.com,258-2848,,Private,,
Karl Lawrence,1021 Allison Ave,St. Helena,www.karllawrence.com,968-5247,X,Private,,
Keep Wines,,Napa,www.thekeepwines.com,508-5421,,Private,,Mostly non Napa - YMV Pmeunier
Keever,26 Vineyard View Drive,Yountville,www.keevervineyards.com,944-0910,X,Yes,Yes,Tues-Sun
Kelham Vineyards,360 Zinfandel Lane,St. Helena,www.kelhamvineyards.com,963-2000,X,Yes,,
Kelleher Family Vineyards,7337 St. Helena Highway,Napa,www.kelleherfamilyvineyards.com,866 531-2580,X,Private,,Brix Restaurant owners
Kelly Family Vineyards,351 2nd Street,Napa,www.kellyfamilyvineyards.com,255-5688,X,Private,,
Kelly Fleming Wine,2339 Pickett Road,Calistoga,www.kellyflemingwines.com,942-6849,X,Private,Yes,
Kenefick Ranch,2200 Picket Road,Calistoga,www.kenefickranch.com,942-6175,X,Private,,
Kent Rasmussen Winery,2515 Napa Valley Corp. Dr,Napa,www.kentrasmussenwinery.com,963-5667,X,Private,,Napa + Berkely production
Kenzo Estate,8999 Wildhorse Valley Road,Napa,www.kenzoestate.com,259-5408,X,Private,Yes,
Keplinger Wines,926 Franklin Street,Napa,www.keplingerwines.com,815-7824,X,Yes,,
Kerr Cellars,1250 Church Street,St. Helena,www.kerrcellars.com,963-5377,X,Private,,Curvature Wines
Kind Cellars,P.O. Box 84,Angwin,www.kindcellars.com,812-2994,X,Private,,
Kinsman Eades,PO Box 852,St. Helena,www.kinsmaneades.com,512-0166,,Yes,,
Kitson Wines,4755 Hillside Drive,Castro V,www.kitsonwines.com,530 220-4694,,Private,,Only 1 NV wine. Napa car dealer
KNA Wines,,,www.knawine.com,,X,Private,,
Knighton Family Vineyards,Old Lawley Toll Road,Calistoga,www.knightonfamilyvineyards.com,942-8386,X,Private,,
Knights Bridge Winery,1373 Lincoln Ave,Calistoga,www.knightsbridgewinery.com,341-3391,X,Yes,,
Kongsgaard,4050 Spring Mountain Road,St. Helena,www.kongsgaardwine.com,963-1391,X,Private,Yes,
Kris Todd Vineyards,,Angwin,www.kristoddvineyards.com,225-7855,X,Private,,
Krupp Brothers,1094 Hardman Lane,Napa,www.kruppbrothers.com,226-2215,X,Yes,,"Veraison, Black Bart -  TR in Napa"
Kuleto Estate,2470 Sage Canyon Road,St. Helena,www.kuletoestate.com,963-9750,X,Yes,,
La Jota Vineyard Co,1102 Las Posadas Road,Angwin,www.lajotavineyardco.com,877 222-0292,X,Yes,,Taste at Cardinale
La Pelle Wines,,St. Helena,www.lapellewines.com,,X,Private,,
La Sirena,P.O. Box 441,Calistoga,www.lasirenawine.com,942-1105,X,Private,,"Winemaker, Heidi Barret's label"
Labry Wines,PO Box 561,Rutherford,www.labrywine.com,346-2272,,Private,,
Ladera Vineyards,3942 Silverado Trail N,Calistoga,www.laderavineyards.com,965-2445,X,Yes,Yes,Chateau Woltner
Lagier Meredith,4967 Dry Creek Road,Napa,www.lagiermeredith.com,253-0653,X,Private,,Chester's Anvil Wines
Lail Vineyards,1127 Pope Street,St. Helena,www.lailvineyards.com,968-9900,X,Private,,MA(I)SONRY
Laird Family Estate,5055 Solano Avenue,Napa,www.lairdfamilyestate.com,257-0360x26,X,No,,
Lamborn Family Vineyards,1984 Summit Lake Drive,Angwin,www.lamborn.com,925 254-0511,X,Yes,,
Lampyridae Vineyards,4756 Cavedale Road,Glen Ellen,www.lampyridaevineyards.com,935-7112,X,Private,,Highest vineyards on Mt. Veeder
Lang & Reed Wine Co.,1200 Oak Ave,St. Helena,www.langandreed.com,963-7547,X,Private,,
Lanthanide Wines,,Napa,www.lwgwines.com,286-9660,,Private,,
Larkin Wines,P.O. Box 3178,Yountville,www.larkinwines.com,944-9105,X,Private,,
Larkmead Vineyards,1100 Larkmead Lane,Calistoga,www.larkmead.com,942-0167,X,Yes,,Meadowlark Cellars
Las Bonitas,1245 Main St,Napa,www.lasbonitaswines.com,255-7150,X,Yes,,Vintner's Collective label
Lateral Wine,1370 Trancas Street #420,Napa,www.lateralwine.com,408 230-0392,,Private,,
Laura Michael Wines,2250 Lake County Hwy,Calistoga,www.lauramichaelwines.com,942-9251,X,Yes,,
Lava Vine Vineyards,965 Silverado Trail,Calistoga,www.lavavine.com,942-9500,X,Private,,
Lawer Estates,1255 Lincoln Ave,Calistoga,www.lawerestates.com,341-3117,X,No,,
Layne Family Wines,428 Cernon Street,Vacaville,www.vitusnapavalley.com,689-5452,,No,,Wines made in Napa? VacaV + FitF
Laz Wine,6484 Washington Street C,Yountville,www.lazwine.com,415-5040,,Yes,,
Le Chanceaux,4011 E 3rd Ave,Napa,www.le-chanceux.com,363-7495,X,Private,,
Leaf & Vine,190 Camino Oruga #24,Napa,www.leafandvine.com,478-1725,X,No,,"Mostly non Napa, Napa based"
Lerner Project,30 Kortum Canyon Road,Calistoga,www.lernerproject.com,965-4040,X,Yes,,
Leto Cellars,761 Technology Way,Napa,www.letocellars.com,259-5386,X,Yes,,
Levendi Winery,4225 Solano Ave Ste. 633,Napa,www.levendiwinery.com,877 538-3634,X,Yes,,
Levy & McClellan,P.O. Box 524,St. Helena,www.levymcclellan.com,963-1282,X,Private,,
Lewelling Vineyards,1951 Olive Ave,St. Helena,www.lewellingvineyards.com,963-1685,X,Private,,
Lewis Cellars,4101 Big Ranch Road,Napa,www.lewiscellars.com,255-3400,X,Private,,Make 1 Betts & Scholl Syrah
Life Wine,,,www.lifewine.co,,,Private,,Non napa wines to
Lindstrom Wines,P.O. Box 3506,Yountville,www.lindstromwines.com,226-6289,X,Private,,
Liparita Cellars,410 Lafata Street #203,St. Helena,www.liparita.com,944-1869,X,Yes,,
Little Village Collection,PO Box 612,Calistoga,www.littlevillagecollection.com,544-8668,,Private,,
LJ Crafted Wines,5621 La Jolla Blvd,La Jolla,www.ljcraftedwines.com,858 551-8890,X,No,,La Jolla Tasting Room
Llamas Family Wines,100 Paradise Drive #1900,Napa,www.llamasfamilywines.com,299-0476,X,Private,,
Lobo Wines,2855 Atlas Peak Road,Napa,www.lobowines.com,224-8322,X,Private,,
Localism Wines/Anon,,Napa,www.localismwines.com,363-4208,X,Yes,,
Lokoya,3787 Spring Mountain Rd,St. Helena,www.lokoya.com,944-2807,X,Yes,,
Lola Wines,916 Foothill Blvd,Calistoga,www.lolawines.com,342-0623,X,No,,Calistoga
Long Meadow Ranch,1775 Whitehall Lane,St. Helena,www.longmeadowranch.com,963-4555,X,Yes,Yes,"Farmstead, St. Helena, TR Anderson Valley"
Longfellow Wines,910 Enterprise Way #M,Napa,www.longfellowwines.com,888 533-5569,X,Private,,"VC, Sonoma & Napa fruit"
Louis M. Martini,254 South St. Helena Hwy,St. Helena,www.louismartini.com,968-3361,X,No,,
Lunasa Wines,3111 St. Helena Hwy N,St. Helena,www.lunasawinescom,302-5104,,Yes,,"One NV & one Sierra foothills, made at BW?"
Luscher-Ballard,PO Box 556,St. Helena,www.luscher-ballard.com,,X,Private,,
Lyrix Wine,,,www.lyrixwine.com,,,Private,,
Macauley Vineyards,1309 Main Street Suite D,Rutherford,www.macauleyvineyard.com,963-1863,X,Private,,
MACDONALD Vineyards,PO Box 91,Oakville,www.macdonaldvineyards.com,225-7264,X,Private,,
Maco Vineyards,,,www.macovineyards.com,,,Private,,
Madonna Estate,5400 Old Sonoma Road,Napa,www.madonnaestate.com,255-8864,X,No,,Mont St. John Label
Madorom Vineyards,2340 Silverado Trail,Napa,www.madorom.com,265-8332,X,Private,,
Madrigal Vineyards,3718 N St. Helena Highway,St. Helena,www.madrigalfamilywinery.com,942-6577,X,Yes,,NAPA WINE CO
Magna Carta Wines,PO Box 415,Oakville,www.magnacartacellars.com,932-5689,,Private,,Probably no longer producing??
Majuscule Wine,,Napa,www.majusculewine.com,681-5758,X,Yes,,
Maldonado Vineyards,3070 Lawley-Old Toll Road,Calistoga,www.maldonadovineyards.com,287-4621,X,Yes,Yes,"TR 1307 Lincoln Ave, Calistoga"
Malk Family Vineyards,5850 Silverado Trail,Napa,www.malkfamilyvineyards.com,258-3072,X,Private,,Used to be Griffin Vineyards
Maltus,,Napa,www.maltus.com,226-7600,X,Yes,,World's End Wines
Marciano Estate,2401 Sulpher Springs Ave,St. Helena,www.marcianoestate.com,967-0983,X,Yes,,1st V: 2012 - owners of Guess & Wallys Wine LA
Mark Herold Wines,710 First Street,Napa,www.markheroldwines.com,256-3111,X,No,,Napa winery but mostly non Napa fruit
Marketta Wine,528 Coombs Street,Napa,www.markettawinery.com,226-5944,X,Private,,
Mario Bazan Cellars,960 Clinton Street,Napa,www.mariobazancellars.com,927-5564,X,Private,,SILENUS VINTNERS
Maritas Vineyard,2055 North Ave,Napa,www.maritasvineyard.com,259-5313,X,Private,,
Markham Vineyards,2812 St. Helena Highway N,St. Helena,www.markhamvineyards.com,963-5292,X,No,,"Glass Mountain, Greystone Cellars"
Maroon Wines,3565 Hagen Road,Napa,www.maroonwines.com,257-3040,X,Private,,Also Crauford Wines
Marston Family,3600 White Sulphur Springs Rd,St. Helena,www.marstonfamilyvineyard.com,963-8490,X,Yes,,
Martin Estate,8780 Conn Creek Road,Rutherford,www.martinestate.com,967-0400,X,Yes,,
Massican,1518 Filmore Street,Calistoga,www.massican.com,709-8400,X,Private,,
Materra Wines,4326 Big Ranch Road,Napa,www.materrawines.com,815 385-3871,X,Yes,,
Mathew Bruno,1151 Rutherford Road,Rutherford,www.mathewbruno.com,738-9119,X,Private,,
Matthew Wallace,PO Box 50,Rutherford,www.matthewwallacewines.com,,,Private,,
Matthiasson Vineyards,3175 Dry Creek Road,Napa,www.matthiasson.com,637-4877,X,Yes,,SILENUS VINTNERS
Matt Morris Wines,,Calistoga,www.mattmorriswines.com,,,Private,,Charbono exclusively
Maxville Lake Wines,4105 Chiles Pope Valley Rd,St. Helena,www.maxvillelakewines.com,965-9378,X,Yes,Yes,
Mayacamas Vineyards,1155 Lokoya Road,Napa,www.mayacamas.com,224-4030,X,Yes,Yes,"TR 1256 1st Street, Napa"
Mayback Family Vineyards,P.O. Box 360,Vineburg,www.maybachwines.com,415 922-1099,,Private,,
Maze Wine,,,www.mazewines.com,260-4698,,Private,,Made in Napa? Mostly non Napa
MC4 Wine,PO Box 557,St. Helena,www.mc4wine.com,963-5422,X,Private,,Fred/Paul
McKahn Family Cellars,PO Box 874,Napa,mckahnfamilycellars.com,732-8495,,No,,Producing in NV? Some N wines TR FF
Mckenzie-Mueller,2530 Las Amigas Road,Napa,www.mckenziemueller.com ,252-0186,X,Yes,,
MDC Wines,PO Box 133,Oakville,www.mdcwines.com,,X,Private,,
Melanson Vineyard,1537 Sage Canyon Road,St. Helena,www.melansonvineyard.com,963-7404,,Private,,Only at ACME. Still producing?
Melka Wines,2900 Silverado Trail N,St. Helena,www.melkawines.com,963-6008,X,Yes,,VC & Montbleau Estate
Memento Mori,S Coombs Street,Napa,www.mmwine.com,819-2409,X,Yes,,TR south downtown Napa
Mendelson Wines,809 Coombs Street,Napa,www.mendelsonwines.com,255-7825,X,Private,,"Also non Napa fruit, MENDO Wines"
Mending Wall,3730 Silverado Trail N,St. Helena,www.mendingwall.com,709-4200,X,Yes,,Thomas Brown new winery 
Merryvale,1000 Main St,St. Helena,www.merryvale.com,963-7777,X,No,,Starmont
Merus Wines,424 Crystal Springs Road,St. Helena,www.meruswines.com,251-5551,X,Yes,Yes,"Altus, 2nd label - Crystal Springs Road"
Metaphora Wines,PO Box 287,Rutherford,www.metaphorawines.com,963-3737,X,Yes,,
Meteor Vineyard,2181 3rd Ave,Napa,www.meteorvineyard.com,258-2900,X,Private,,Barry & Tracy Schuler
Metzker Family Estates,PO Box 6494,Napa,www.mfewines.com,974-2128,,Private,,Mostly non Napa. Made in Napa?
Mi Sueno Winery,910 Enterprise Way #M,Napa,www.misuenowinery.com,258-6358,X,Private,,"VC, Herrera Label TR @ Village Vista Collina"
Michael Mondavi Fam. Estate,,Napa,www.michaelmondavifamilyestate.com,256-2726,X,Yes,,"Folio, IsMond. Emblem, Animo, M labels"
Michael Pozzan Winery,7830-40 St. Helena Hwy Ste. 122,Oakville,www.michaelpozzanwinery.com,800 848-9630,X,Private,,"NAPA WINE CO, many labels"
Michael Scott Wines,2993 Brookwood Drive,Napa,www.michaelscottwines.net,226-1622,X,Yes,,"Michael Soctt, Centerpiece wines"
Michel Rolland NV,,,www.michelrollandnapavalley.com,738-0011,,Private,,Part of JH Unfiltered Collection
Migliavacca,1475 Fourth Street,Napa,www.migwine.com ,,X,Private,,
Mike & Molly Hendry,3104 Redwood Road,Napa,www.mikeandmollyhendry.com,738-6896,X,Yes,,
Milk Wines,,Rutherford,www.milkwines.com,,,Private,,NY restauranteurs 
Miner Family Vineyards,7850 Silverado Trail,Oakville,www.minerwines.com,944-9500x17,X,No,Yes,
Mira Winery,6170 Washington Street,Napa,www.miranapa.com,945-0881,X,Yes,,Gustavo Gonzalez
Mirror Wine Company,1360 Main Street Suite A,St. Helena,www.mirrorwine.com,968-5052,X,Private,,Made at Napa Wine Co
Mithra Winery,,Napa,www.mithrawinery.com,310 480-5600,,Private,, (Mt Veeder)
Montagu Wines,3111 St. Helena Highway N,St. Helena,www.montaguwines.com,418-0020,X,Yes,,Silver Ghost Cellars (Texas connection)
Montgomery Vineyard,,Calistoga,www.montgomeryvineyard.com,708-1541,,Private,,
Monticelli Bros,4446 Stillson St,Napa,www.monticellibros.com,255-9100,X,Private,,
Monticello Vineyards,4242 Big Ranch Road,Napa,www.corleyfamilynapavalley.com,253-2802x16,X,No,,Corley Family Label
Moon Tsai,3111 st. Helena Highway,Rutherford,www.moonetsai.com,265-6782,X,Private,,
Morey Wine Cellars,P.O. Box 4261,Napa,www.moreycellars.com,226-2348,X,Yes,,
Morgado Cellars,2100 Hoffman Lane,Napa,www.morgadocellars.com,947-7934,,Yes,,1/2 Napa 1/2 Sonoma
Morlet Family Vineyards,2825 St. Helena Highway,St. Helena,www.morletwines.com,967-8690,X,Yes,Yes,
Mount Veeder Magic,,Napa,www.mountveedermagic.com,963-7111,X,Private,,
MS Torun Winery,5185 Wragg Canyon  Road,Napa,www.mstorunwinery.com,966-1957,X,Yes,,
MTGA Wines,958 McCorkle Ave,St. Helena,www.mtgawines.com,337-9168,X,Yes,,
Mueller Family Vineyards,1515 Diamond Mountain Rd,Calistoga,www.muellerfamilyvineyards.com,942-5662,X,Private,,
Mumm Napa,8445 Silverado Trail,Napa,www.mummnapa.com,967-7700,X,No,,
Muscatine Vineyard,2410 Soda Canyon Road,Napa,www.muscatinevineyard.com,287-2403,X,Private,Yes,
Myriad Cellars,P.O. Box 2016,St. Helena,www.myriadcellars.com,287-1630,X,Private,,
My Italian Cousin,,,www.myitaliancousin.com,559 298-8290,,Private,,Central Valley farming family
Napa Cellars,2812 St. Helena Highway N,St. Helena,www.napacellars.com,963-5292,X,No,,
Napastak,1240 1st Street,Napa,www.napastak.com,927-3303,X,No,,"store, downtown Napa"
Napa de Oro,1228 Hagen Road,Napa,www.napadeoro.com,255-7431,,Private,,
Napa Valley College Estate,2277 Napa Vallejo Highway,Napa,www.napavalley.edu/academics/TechnicalDivision/Winery/Pages/default.aspx,253-3259,X,Yes,,
Navone Family Wines,789 Fulton Street,St. Helena,www.navonefamilywines.com,963-4188,X,Private,,Andy & Celeste
Neal Family Vineyards,716 Liparita Road,Angwin,www.nealvineyards.com,965-2800,X,Yes,Yes,29 Songs
Neiman Cellars,631 River Glen Drive,Napa,www.neimancellars.com,224-9923,,Private,,Still producing?
Nellcote,PO Box 11038,Napa,www.nellcote.com,968-7896,X,Private,,
Nemerever Vineyards,711 Oakville Cross Road,Oakville,www.nemerever.com,617 734-6994,X,Yes,Yes,
Newton Vineyards,2555 Madrona Ave,St. Helena,www.newtonvineyard.com,963-9000,X,Yes,Yes,
Next Door Wine,3111 Lake County Highway,Calistoga,www.nextdoorwine.com,207 350-6229,X,Private,,
Neyers Vineyards,2153 Sage Canyon Road,St. Helena,www.neyersvineyards.com,963-8840,X,Yes,,Tues-Sat
Nichelini Winery,2950 Sage Canyon Road,St. Helena,www.nicheliniwinery.com,963-0717,X,No/Yes,,Weekdays for App
Nicholson Jones,15 Chateau Lane,Napa,www.nicholsonjones.com,337-5943,X,Yes,,
Nickel & Nickel,8164 St. Helena Highway ,Oakville,www.nickelandnickel.com,967-9600,X,Yes,,
Nicolette Christopher,229 Silverado Springs Drive,Napa,www.nicolettechristopher.com,265-0932,X,Private,,
Night Wines,1351 Main Street,St. Helena,www.nightwines.com,302-5130,X,No,,
Nine Suns,200 Long Ranch Road,St. Helena,www.ninesuns.com,963-9888,X,Private,Yes,
Nova Wines,P.O. Box 1014,St. Helena,www.marilynwines.com,963-5475,X,Yes,,"NAPA WINE CO, also Uvada Wine"
Oakville Cross Wines,939 Oakville Cross Road,Oakville,www.oakvillecrosswines.com,944-9200,X,Private,,
Oakville East,7730 Silverado Trail,St. Helena,www.oakvilleeast.com,337-2035,X,Private,,
Oakville Ranch,7781 Silverado Trail,Oakville,www.oakvilleranch.com,944-9665,X,Yes,,MERITAGE
O'Brien Estate Winery,1200 Orchard Ave,Napa,www.obrienestate.com,252-8463,X,Yes,,Seduction Wine
O'Connell Family,4104 Dry Creek Road,Napa,www.oconnellfamilywines.com,257-2600,X,Yes,,"Gabrielle, Pietro, CE"
Odette Estate,5998 Silverado Trail,Napa,www.odetteestate.com,224-7533,X,No,Yes,
Ogden Wine Co,,,www.ogdenwineco.com,603-9243,,Yes,,Only 1 wine from NV
Okapi Wines,4193 Big Ranch Road,Napa,www.okapiwines.com,415 613-4984,X,Yes,,
Olabisi Wines,1226 Washington Street,Calistoga,www.olabisiwines.com,942-4472,X,Yes,,
Old Acre Wines,,,www.oldacrewines.com,,,Private,,
Old Country Cellars,295 Old Country Road #1,San Carlos,www.oldcountycellars.com,650 918-7716,,No,,"Mostly non NV, TR in San Carlos CA"
Olivia Brion,690 Meadowood Lane,St. Helena,www.oliviabrion.com,963-2108,X,Private,Yes,Heron Lake Winery
Olney Family Vineyards,2253 Dry Creek Road,Napa,www.ofv.com,999-1795,X,Yes,Yes,
On Q,,Danville,www.onqwines.com,925 487-2962,X,Yes,,
ONEHOPE Wine,8305 St. Helena Highway,Napa,www.onehopewine.com,866 983-2266,X,Yes,,
Opus One Winery,7900 St. Helena Highway,Oakville,www.opusonewinery.com,944-9442,X,Yes,,
Orin Swift Cellars,1325 Main Street,s,www.orinswift.com,967-9179,X,Yes,,"Mercury Head, Prisoner, Veladora"
O'Shaugnessey Estate,1150 Friesen Drive,Angwin,www.oshaughnessywinery.com,965-2898,X,Yes,Yes,Progeny Wines
Oestermann Wines,,Napa,www.oestermannwines.com,,X,Yes,,
Otra Vez,2280 Greenwood Ave,Calistoga,www.otravezwinery.com,942-4310,X,Yes,,
Outpost Wines,2075 Summit Lake Drive,Angwin,www.outpostwines.com,965-1718,X,Yes,,
Ovid Vineyards,255 Long Ranch Road,St. Helena,www.ovidvineyards.com,963-3850,X,Private,Yes,
Padis Vineyards,3025 Dry Creek Road,Napa,www.padisvineyards.com,780-7322,X,No,Yes,TR downtown Napa
Page Wine Cellars,520 California Blvd #20,Napa,www.pagewinecellars.com,255-4665,X,Private,,
Pahlmeyer Winery,P.O. Box 2410,Napa,www.pahlmeyer.com,255-2321,X,Private,,"NAPA WINE CO, Jayson Label"
Palazzo Wine,3940 Laurel Cnyn Blvd 987,Studio City,www.palazzowine.com,425-5575,X,Private,,
Palmaz Vineyards,4029 Hagen Road,Napa,www.palmazvineyards.com,226-5587,X,Yes,Yes,Cedar Knoll Vineyards
Paloma Vineyard,4013 Spring Mountain Road,St. Helena,www.palomavineyard.com,963-7504,X,Yes,,
Paoletti Estates,4501 Silverado Trail,Calistoga,www.paolettivineyards.com,942-0689 ,X,Yes,Yes,
Paradigm Winery,1277 Dwyer Road,Oakville,www.paradigmwinery.com,944-1683,X,Yes,,
Parador Cellars,P.O. Box 3298,Yountville,www.paradorcellars.com,256-1770,X,Private,,
Paraduxx,7257 Silverado Trail,Napa,www.paraduxx.com,945-0890,X,Yes,,
Parallel Wines,3125 St. Helena Highway,St. Helena,www.parallelwines.com,486-1100,X,Private,,VINTNER'S COLLECTIVE
Paratus,1945 Mt. Veeder Road,Napa,www.paratuswine.com,253-1722,,Private,,
Paravel Wines,1325 Summit  Lake Drive,Angwin,www.paravelwines.com,738-1312,X,Private,,
Patel Winery,PO Box 22,Oakville,www.patelwinery.com,812-1616,X,Yes,,
Patland Estate Vineyards,2431 Soda Canyon Road,Napa,www.patlandvineyards.com,888 539-4717,X,Yes,Yes,Also @ Caves at Soda Canyon
Patria Wines,,St. Helena,www.patriawines.com,738-4089,,Private,,"Anthony Biagi, Sepia Wines"
Paula Kornell,,,www.paulakornell.com,877 289-9463,,Private,,
Pavi,750 Chiles Ave,St. Helena,www.paviwines.com,963-9566,X,Private,,"NAPA WINE CO, Fisticuffs"
Peace Water Winery,2000 Summit Lake Drive,Angwin,www.peacewaterwinery.com,317 810-1330,,No,,"3 TR in Indiana, mostly NV wines. SL"
Peacock Family Vineyard,3100 Spring Mountain Rd.,St. Helena,www.peacockvineyard.com,967-0770,X,Yes,,
Peju,8466 St. Helena Highway,St. Helena,www.peju.com,963-3600x333,X,No,,
Pellet Estate,1241 Adams St Suite 1002,St. Helena,www.pelletestate.com,363-3281,X,Yes,,
People's Wine Revolution,,Calistoga,www.pwrwines.com,360-5419,X,Yes,,
Perchance Estates,PO Box 542,Rutherford,www.perchanceestates.com,322-5473,,Yes,,Mike Smith
Perliss Vineyards,,Calistoga,www.perlissvineyards.com,415 954-2736,X,Private,,
PerUs Wine,PO Box 2756,Yountville,www.peruswine.com,948-6389,X,Yes,,
Pestoni Family ,1673 St. Helena Highway,St. Helena,www.pestonifamily.com,963-0544,X,No,,
Peter Franus Wines,P.O. Box 10575,Napa,www.peterfranus.com,945-0542,X,Yes,,
Peter Paul  Wines,,,www.peterpaulwines.com,415 446-2825,,Private,,"All Sonoma, but one Napa cab"
Petree Cellars,45 Enterprise Court,Napa,www.petreecellars.com,916 947-5087,,Private,,"Mostly Sonoma, One Napa cab"
Philip Togni Vineyard,3780 Spring Mountain Road,St. Helena,www.philiptognivineyard.com,963-3731,X,Private,,"Mailing List customers, taste only"
Phipps Family Cellars,700 Technology Way,Napa,www.pfcwine.com,265-0677,,Private,,1 Napa wine
Phiver Pavitt,4660 Silverado Trail,Calistoga,www.phiferpavittwine.com,942-4787,X,Private,,
Piazza del Dotto,7466 St. Helena Highway,Napa,www.deldottovineyards.com,963-2134,X,Yes,Yes,Also Village del Lago is a winery
Picayune Cellars,1329 Lincoln Ave Suite B,Calistoga,www.picayunecellars.com,341-3410,X,No,,
Picazo Vineyards,PO Box 3186,Livermore,www.picazovineyards.com,925-454-0291,,Yes,,Livermore + Napa wines made @ CV
Pilcrow Wine,95 Winedale Lane,Napa,www.pilcrow-wine.com,479-5356,X,Private,,
Pina Cellars,8060 Silverado Trail,Napa,www.pinanapavalley.com,738-9328,X,Yes,,
Pine and Brown,,,www.pineandbrown.com,500-1045,X,Private,,
Pine Ridge Winery,5901 Silverado Trail,Napa,www.pineridgewinery.com,253-7500,X,Yes,Yes,
Pink Girl Wines,P.O. Box 854,Napa,www.pinkgirlwines.com,255-7357,X,Private,,Doesn't produce every year
Planetary Estates,,,www.planetaryestates.com,703 628-8133,,Private,,Wines made in Santa Rosa?
Plank Walker Wines,,,www.plankwalkerwines.com,,,Private,,May not produce every year?
Playground Cellars,,St. Helena,www.playgroundcellars.com,,,Private,,Paso + Napa
Plumpjack,620 Oakville Cross Road,Oakville,www.plumpjackwinery.com,945-1220,X,No,,
Poggi Wines,30 Rosedale Road,Calistoga,www.poggiwines.com,942-1310,X,Private,,
Pop 300 Cellars,,,,,,Private,,"Pinot Noir, Luke Russ Wilsey-To Kalon"
Pope Valley Winery,6613 Pope Valley Road,Pope Valley,www.popevalleywinery.com,965-1246,X,No,Yes,
Porter Family Vineyards,1189 Green Valley Road,Napa,www.porterfamilyvineyards.com,265-7980,X,Private,Yes,
Portfolio Winery,86 El Nido Drive,Napa,www.portfoliowinery.com,265-6555,X,Private,,Donates Magnums to Lao Charity
Post Parade Wines,PO Box 3386,Yountville,www.postparadewines.com,418-0022,X,Private,,Stretch Drive label
Pott Wines,2272 Mount Veeder Road,Napa,www.pottwine.com,226-3277,X,Private,,
Prager Winery & Portworks,1281 Lewelling Ln,St. Helena,www.pragerport.com,963-7678,X,No,,
Precision Wine Co,,,www.precisionwineco.com,,,Private,,Many Napa brands +others Made in Napa?
Pride Mountain Wines,4026 Spring Mountain Road,St. Helena,www.pridewines.com,963-4949,X,Yes,Yes,Curvature & Kerr Wines
Prime Solum,1021 Atlas Peak Road,Napa,www.primesolum.com,492-3531,X,No,,
Progeny,1032 Mt. Veeder Road,Napa,www.progenywinery.com,257-9001,X,Yes,,O'Shaughnessy
Promise Wine,Sage Canyon Road,St. Helena,www.promisewine.com,944-2565,X,Private,,
Promontory,1601 Oakville Grade,Oakville,www.promontoryestate.com,944-0125,X,Yes,,
Proposal Wine,,,www.proposalwine.com,,,Private,,Mostly non Napa + family Napa Vineyard
Prothro Family Wines,,Napa,www.prothrofamilywines.com,512 409-6602,X,Private,,
Provenance Vineyards,1695 St Helena Hwy,St. Helena,www.provenancevineyards.com,968-3633,X,No,,Hewitt Vineyard/Label
Pulido Walker,1185 State Lane,Yountville,www.pulidowalker.com,226-1900,X,Yes,,
Punch Vineyards,574 Montgomery Street,Napa,www.punchvineyards.com,477-1403,,Private,,Lagier
Pure Cru Wines,451 Gateway Road West,Napa,www.purecruwines.com,603-2943,X,No,,
Pym-Rae Wines,1100 Wall Road,Napa,www.pym-rae.com,33556590404,,Private,,
QTR Wines,989 Greenfield Road,St. Helena,www.qtrwines.com,408-3919,,Private,,
Quilt & Co,807 Main Street,Napa,www.quiltandco.com,777-8198,X,No,,"Copper Cane, Carne Humana, Quilt + "
Quintessa,1601 Silverado Trail,Rutherford,www.quintessa.com,967-1601,X,Yes,Yes,Faust Wines - we've also tasted
Quivet Cellars,P.O. Box 2016,St. Helena,www.quivetcellars.com,287-1630,X,Private,,
Quixote Winery,6126 Silverado Trail,Napa,www.quixotewinery.com,944-2659,X,Yes,,Panza = another label
R.H. Harrison,P.O. Box 5933,Napa,www.raharrisonfamilycellars.com,815-3569,X,Private,,
Rafael et Fils,2222 Third Ave,Napa,www.rafaeletfils.com,415 298-2810,X,Private,,
Random Ridge,4360 Cavedale Road,Glen Ellen,www.randomridge.com,938-9085,X,Private,,"# Wine made in Sonoma C., Mt. V."
Raport Wines,1390 Sproul Ave,Napa,www.rapportwines.com,713 298-2864,,Private,,Brent
Rare Cat Wines,P.O. Box 801,Rutherford,www.rarecatwines.com,968-5031,X,Private,,
Raymond Vineyards,849 Zinfandel Lane,St. Helena,www.raymondvineyards.com,963-3141,X,No,,"18 CA, 17 France, 1 India, 1 UK brands"
Razi Winery,3108 Silverado Trail,Napa,www.raziwinery.com,224-4299,X,Yes,,
RD Winery,3 Executive Way,Napa,www.rdwinery.com,259-9446,X,No,,
Realm Cellars,5795 Silverado Trail,Napa,www.realmcellars.com,224-1910,X,Private,Yes,"The Absurd,Levensohn, former HW Winery"
Red Cap Vineyards,891 Ponderosa Drive,Angwin,www.redcapvineyards.com,965-1145,X,Private,,
Red Mare Wines,,Calistoga,www.redmarewines.com,877 310-3335,X,Private,,Taste at Napa Wine co
Red Stitch,PO Box 111,Cardiff,www.redstitchwine.com,815-7019,,Private,,"Mostly non Napa fruit, 1 Napa Cab/yr"
Redmon Family Vineyards,1185 Starr Ave,St. Helena,www.redmonvineyards.com,968-9252,X,Yes,,
Red Thread Wines,2000 Summit Lake Drive,Angwin,www.redthreadwines.com,363-7326,X,Private,,
Regusci Winery,5584 Silverado Trail,Napa,www.regusciwinery.com,254-0403,X,Yes,,
Reid Family Vineyards,1020 Borrette Lane,Napa,www.reidfamilyvineyards.com,252-3195,X,Yes,,J Kirkwood
Relic Wines,2400 Soda Canyon Road,Napa,www.relicwines.com,967-9380,X,Yes,Yes,
Renard,Encanto Drive,Napa,www.renardsyrah.com,265-9061,X,Private,,Minimal production
Resolution Wines,PO Box 5822,Napa,www.resolutionwines.com,312-8037,,Private,,2018 = innaugural vintage
Retro Cellars,1955 Summit Lake Drive,Angwin,www.retrocellars.com,965-1042,X,Private,,
Revana Family,2930 St. Helena Highway N,St. Helena,www.revanawine.com,967-8814,X,Yes,,
Revenant Wines,PO Box 532,Calistoga,www.revenantwines.com,968-7966,X,Yes,,
Reverie II,264 N Fork Crystal Springs,Deer Park,www.reveriewine2.com,942-6800,X,Yes,Yes,
Revik,,Napa,www.revikwine.com,225-4620,,Private,,1 Napa wine
Rewa Vineyards,2201 Third Ave,Napa,www.rewavineyards.com,980-8009,X,Private,,
Reynolds Family Winery,3266 Silverado Trail,Napa,www.reynoldsfamilywinery.com,258-2558,X,Yes,,Naughty Cellars - Renteria collaboration
Riverain Vineyards,,Calistoga,www.riverainvineyards.com,339-7317,X,Yes,,
Rivera Vineyards,2520 Camino Diablo,Walnut Cr.,www.riveravineyards.org,925 943-1111,,Private,,Still producing? Donates charities
Rivers Marie,1418 Cedar Street,Calistoga,www.riversmarie.com,942-2172,X,Yes,,"Napa Cabs, Other wines Sonoma"
Road 31 Wine Co,230 Pickwick Drive,Napa,www.road31.com,649-1200,X,Yes,,
Roam Napa Valley,1901 St. Helena Highway,St. Helena,www.roamwine.com,235-2555,X,Yes,,
Robert Biale Vineyards,4038 Big Ranch Road,Napa,www.biale.com,257-7555,X,Yes,,Hill Climber
Robert Craig Winery,625 Imperial Way,Napa,www.robertcraigwine.com,252-2250,X,Yes,,"Winery, 2475 Summit Lake Drive Angwin"
Robert Foley Vineyards,1300 Summit Lake Drive,Angwin,www.robertfoleyvineyards.com,965-2669,X,Private,Yes,
Robert Keenan,3660 Spring Mountain Road,St. Helena,www.keenanwinery.com,963-9177,X,Yes,,
Robert Mondavi,7801 St. Helena Highway,Oakville,www.robertmondavi.com,888 766-6328,X,No,,
Robert Sinskey,6320 Silverado Trail,Napa,www.robertsinskey.com,944-9090,X,No,Yes,
Roberts + Rogers,3241 Ehlers Lane,St. Helena,www.robertsandrogers.com,942-7422,X,Private,,
Robinson Family Vineyards,5880 Silverado Trail,Napa,www.robinsonfamilyvineyards.com,944-8004,X,Yes,Yes,
Rocca Vineyards,129 Devlin Road,Napa,www.roccawines.com,255-2269,X,No,,
Rockmere Vineyards,4130 Silverado Trail,Napa,,,,Private,,
Rombauer Vineyards,3522 Silverado Trail,St. Helena,www.rombauervineyards.com,963-5170,X,No,Yes,Several wineries in Napa & Sierra foothills
Romeo Vineyards & Cellars,4425 Silverado Trail,Calistoga,www.romeovineyards.com,942-8239,X,Private,,"TR: 1224 Lincoln Ave, Calistoga"
Roots Run Deep,1607 1st Street,Napa,www.rootsrundeep.com,945-1045,X,Private,,Educated Guess
Round Pond,886 Rutherford Road,Rutherford,www.roundpond.com,877 963-9364,X,Yes,,
Round Two Wines,,Angwin,www.roundtwowines.com,967-8964,X,Private,,
Rowland Cellars,1883 Carignan Way,Yountville,www.rowlandcellars.com,944-0543,X,Private,,
Roy Estate,1220 Soda Canyon Road,Napa,www.royestate.com,968-1710,X,Private,,
Roy Piper Wines,,Yountville,www.roypiperwines.com,266-4168,X,Private,,
Royal Prince Wines,,,www.royalprincewines.com,,,Private,,Only 1 wine from NV
Rubia Wine Cellars,190 Camino Oruga,Napa,www.rubiawinecellars.com,915 329-1198,X,Yes,,Napa & Sonoma wines
Rudd,500 Oakville Cross Road,Oakville,www.ruddwines.com,944-8577,X,Yes,Yes,
RustRidge Winery,2910 Lower Chiles Road,St. Helena,www.rustridge.com,965-9353,X,Yes,,
Rutherford Hill,200 Rutherford Hill Road ,Rutherford,www.rutherfordhill.com,963-7194,X,No,Yes,
Rutherford Ranch,1680 Silverado Trail,St. Helena,www.rutherfordranch.com,968-3200,X,No,,Round Hill Label
Rutledge & Vine,,,www.rutledgeandvine.com,,,Private,,Rob Mondavi
S.R. Tonella Cellars,,Rutherford,www.srtonellacellars.com,955-3078,X,Private,,
Sabina Vineyards,3291 St. Helena Highway,St. Helena,www.sabinavineyards.com,963-0733,X,Private,,
Saddleback Cellars,7802 Money Road,Oakville,www.saddlebackcellars.com,944-1305,X,Yes,,
Saintsbury,1500 Los Carneros Ave,Napa,www.saintsbury.com,252-0592,X,Yes,,
Salexis Wines,"257 Walnut Street, Suite D",Napa,www.salexiswines.com,256-3435,X,Private,,
Salvestrin Wine Co,397 Main Street,St. Helena,www.salvestrinwinery.com,963-5105,X,Yes,,
Sang Froid Vineyards,1115 Lodi Lane,St. Helena,www.sang-froidvineyards.com,968-5398,X,Yes,,
San Savino Vineyards,,,www.sansavinovineyards.com,925 918-1976,,Private,,
Sarah Francis Wines,,St. Helena,www.SarahFrancisWines.com ,,,Private,,
Sarocka Wines,Spring Mountain Road,St. Helena,www.sarockawine.com,339-0530,X,Private,,Scully Wines
Saunter Wines,999 Adams Street Suite 303,St. Helena,www.saunterwines.com,963-8695,X,Private,,
Sawyer Cellars,759 Technology Way,Napa,www.sawyercellars.com,819-7308,X,Yes,,Still sourcing from orig Rutherford V
Scalon Cellars,PO Box 6438,Napa,www.scaloncellars.com,666-2245,X,Yes,,
Scarecrow,P.O. Box 144,Rutherford,www.scarecrowwine.com,963-3361,,Private,,
Scarlett Wines,,Rutherford,www.scarlettwines.com,925-314-0193,,Private,,Website down 1.20.22
Schermeister Cellars,14301 Arnold Dr #28,Glen Ellen,www.schermeister.com,934-8953,X,No,,
School House Vineyards ,3549 Langtry Rd,St. Helena,www.schoolhousevineyard.com,963-4240,X,Yes,,
Schrader Cellars,PO Box 1004,Calistoga,www.schradercellars.com,942-1540,,Private,,
Schramsberg,1400 Schramsberg Road,Calistoga,www.schramsberg.com,942-4558,X,Yes,Yes,"sister winery, J Davies - tasted also"
Schweiger Vineyards,4015 Spring Mountain Rd ,St. Helena,www.schweigervineyards.com,963-4882,X,Yes,Yes,
Sciandri Family Vineyards,50 Kreuse Canyon Drive,Napa,www.sciandrivineyards.com,277-4999,X,Private,,
Screaming Eagle,7557 Silverado Trail,Oakville,www.screamingeagle.com,944-0749,,Private,Yes,
Seabird,,,www.seabirdwines.com,267 884-4574,,Private,,Napa + Sonoma Made in Napa???
Seaver Vineyards,P.O. Box 888,Calistoga,www.seavervineyards.com,709-8314,,Private,,
Seavey Vineyard,1310 Conn Valley Road,St. Helena,www.seaveyvineyard.com,963-8339,X,Yes,Yes,Caravina
Second Line Wines,,,www.secondlinewines.com,320-9700,,Private,,Chris
Seek Wines,,Angwin,www.seekhowellmountain.com,965-9539,X,Private,,
Selah Wines,PO Box 157,Calistoga,www.selahwines.com,400-5551,X,Private,,Blanton Family Vineyards
Sequoia Grove,8338 St. Helena Highway,Rutherford,www.sequoiagrove.com,944-2945,X,No,,Allen Family
Sequum Wines,345 Lafata St Suite D,St. Helena,www.sequum.com,967-8597,,Private,,
Seven Apart,4057 Silverado Trail,Napa,www.sevenapart.com,287-1347,X,Yes,,
Seven Stones Winery,840 Meadowood Lane,St. Helena,www.sevenstoneswinery.com,963-0993,X,Private,,
Shadow Box Cellars,1201 1st Street,Napa,www.shadowboxcellars.com,738-0386,X,Yes,,Preiser Family
Shadybrook Estate Winery,100 Rapp Lane,Napa,www.shadybrookestate.com,255-5661,X,Yes,,"Secret Rows, Rapp wines, Ch. lane"
Shafer,6154 Silverado Trail,Napa,www.shafervineyards.com,944-2877,X,Yes,Yes,Eighty Four wines
Shanti Wines,45 Enterprise Court Unit 1,Napa,www.shantiwines.com,492-3830,,Private,,Most wines non NV - Industrial Park
Sherwin Family Vineyards,4060 Spring Mountain Rd,St. Helena,www.sherwinfamilyvineyards.com,963-1154,X,Yes,,
Shibumi Knoll,3480 St. Helena Highway,St. Helena,www.shibumiknoll.com,968-9937,X,Private,,
Shypoke,2882A Foothill Blvd,Calistoga,www.shypoke.com,942-0420,X,Private,,
Signorello Vineyards,4500 Silverado Trail,Napa,www.signorellovineyards.com,255-5990,X,Yes,,
Silenus Vintners,5225 Solano Avenue,Napa,www.silenuswinery.com,299-3930,X,Yes,,Collective
Sill Family Vineyards,2929 Atlas Peak Road,Napa,www.sillfamilyvineyards.com,257-2929,X,Private,,Purchased old Ardente estate
Silver Oak Cellars,915 Oakville Crossroad,Oakville,www.silveroak.com,944-8808,X,No,,Also winery/TRoom in Geyserville
Silverpoint Cellars,PO Box 8017,Napa,www.silverpointcellars.com,506-6318,,Private,,"1 napa red, 1 sonoma chard"
Silver Stag Winery,5230 Country Lane,Napa,www.silverstagwinery.com,224-3111,X,Private,,Sparrow Hawk Winery
Silver Trident,6495 Washington Street,Yountville,www.silvertridentwinery.com,945-0311,X,No,,
Silverado Vineyards,6121 Silverado Trail,Napa,www.silveradovineyards.com,259-6617,X,No,,
Sinegal Family Estate,2125 Inglewood Ave,St. Helena,www.sinegalestate.com,244-1187,X,Private,Yes,
Sire Estate,15 Chateau Lane,Napa,www.sireestate.com,753-0927,,Private,,
Sixteen by Twenty 16x20,4155 Dry Creek Road,Napa,www.sixteenbytwentywines.com,226-6860,X,Private,,
Sjoeblom Winery,P.O. Box 3496,Napa,www.sjoeblom.com,968-9395,X,Private,,
Sky Vineyards,1500 Lokoya Road,Napa,www.skyvineyards.com,935-1391,X,Yes,,
Sky Devil,,Napa,www.skydevilwines.com,204-9657,,Private,,CS blend of non NV & NV vineyards
Sloan Estate,88 Auberge Road,Rutherford,www.sloanestate.com,967-8627,X,Private,Yes,
Smith Devereux,1300 1st Street Ste. 468,Napa,www.smithdevereux.com,861-1530,X,No,,Taste at JAM Cellars
Smith Madrone,4022 Spring Mountain Rd,St. Helena,www.smithmadrone.com,963-2283,X,Yes,,
Smoking Gun,PO Box 692,St. Helena,www.smokinggunwines.com,968-5251,,Yes,,William Cole
Snowden Vineyards,1478 Railroad Ave #5,St. Helena,www.snowdenvineyards.com,963-4292,X,Yes,,
Sodaro Estate Winery,24 Blue Oak Lane,Napa,www.sodarowines.com,975-6689,X,Private,,
Sodhani Vineyards,3283 St. Helena Highway N,St. Helena,www.sodhanivineyards.com,679-0747,X,Private,,
Solorio Family Wines,Greenwood Ave,Calistoga,www.soloriofamilywines.com,596-2359,X,Yes,,
Soma Cellars,300 Third Street,San Franc.,www.somacellars.com,,,Private,,50/50 Napa Sonoma
Somerston Winery,3450 Sage Canyon Road,St. Helena,www.somerstonwineco.com,968-9155,X,Private,,"PRanch, HFlyer, TR-Yountville X"
Somnium Wine,PO Box 307,St. Helena,www.somniumwine.com,287-2246,X,Yes,,
Sosabe Cellars,PO Box 323,St. Helena,www.sosabecellars.com,963-0145,,Private,,"Originally from Cape Verde, Africa"
Southern Roots Wines,,Napa,www.southernrootswines.com,,,Private,,Coombsville
Sova Wines,4078 Spring Mountain Road,St. Helena,www.sovawines.com,337-2396,X,Yes,,Sean Behrens
Spelletich Cellars,2545 Napa Valley Corp. Dr C,Napa,www.spellwine.com,363-0790,X,Private,,
Spence Vineyards,920 White Cottage Road,Angwin,www.spencevineyards.com,965-3416,X,Private,,
Spire Collection,3299 Bennett Lane,Calistoga,www.spirecollection.com,866 399-0261,X,Yes,,"Galerie Wines, Mt. Brave"
Spoto Wines,3630 Meadow Lane,Sacramento,www.spotowines.com,225-5065,X,Private,,
Spottswoode Winery,21902 Madrona Ave,St. Helena,www.spottswoode.com,963-0134,X,Yes,,
Spring Mountain Vineyard,2805 Spring Mountain Rd,St. Helena,www.springmountainvineyard.com,967-4188,X,Yes,Yes,
St. Clair Brown,816 Vallejo Street,Napa,www.stclairbrownwinery.com,255-5591,X,Yes,,
St. Helena Winery,100 Pratt Ave,St. Helena,www.sthelenawinery.com,877 245-6006,X,Yes,,Sympa is 2nd label
St. Supery,8440 St. Helena Highway,Rutherford,www.stsupery.com,800 942-0809,X,No,,Dollarhide Ranch Label
Staglin Family Vineyard,1570 Bella Oaks Lane,Rutherford,www.staglinfamily.com,944-0477,X,Yes,Yes,
Stag's Leap Wine Cellars,5766 Silverado Trail,Napa,www.cask23.com,261-6441,X,No,Yes,
Stags' Leap Winery,6150 Silverado Trail,Napa,www.stagsleap.com,944-1303,X,Yes,Yes,
Stanton Vineyards,862 Mills Lane,St. Helena,www.stantonvineyards.com,967-0482,X,Private,,
Staura Cellars,45 Enterprise Court,Napa,www.stauracellars.com,303 883-8696,,Private,,Wine made in Napa?
Steele Canyon Cellars,6015 Steele Canyon Road,Napa,www.steelecanyoncellars.com,925 691-9600,X,Private,,J. McClelland
Stella Reese,480 Bay Street,Angwin,www.stellareesewine.com,965-9804,X,Private,,
Steltzner Vineyards,6795 Washington St. #202,Yountville,www.steltzner.com,944-2486,X,Private,,
Sterling Vineyards,1111 Dunaweal Lane,Calistoga,www.sterlingvineyards.com,942-3344,X,No,Yes,
Stewart Cellars,6752 Washington Street,Yountville,www.stewartcellars.com,963-9160,X,Private,,"slingshotwines.com, Labels made Napa & Sonoma"
Stonehedge Winery,1004 Clinton Street,Napa,www.stonehedgewinery.com,256-4444,X,No,,"Tasting room, Napa"
Stony Hill Vineyard,3331 St. Helena Highway,St. Helena,www.stonyhillvineyard.com,963-2636,X,Yes,,
Stone The Crows,Greenfield Road,St. Helena,www.stonethecrowswine.com,968-0603,X,Private,,
Stormy Weather Wine,,,www.stormyweatherwine.com,812-0613,,Private,,Wolfs Head Wines
Storybook Mountain,3835 Highway 128,Calistoga,www.storybookwines.com,942-5310,X,Yes,Yes,Seps Estate
Stout Wines,,Napa,www.stoutwines.com,281 536-9246,X,Private,,
Strala Vineyards,3111 St. Helena Highway N,St. Helena,www.stralavineyards.com,800-2310,X,Private,,
Stringer Cellars,PO Box 206,Calistoga,www.stringercellars.com,684-0025,X,Yes,,
Suhring Cellars,,,www.suhringcellars.com,,,Private,,
Sullivan Vineyards,1090 Galleron Road,Rutherford,www.sullivanwine.com,963-9646,X,Yes,,Red Ink
Summit Lake Vineyards,2000 Summit Lake Drive,Angwin,www.summitlakevineyards.com,965-2488,X,Yes,,
Summit Vine ,,,www.summitvine.com,942-1642,,Private,,
Sunshine Valley Vineyards,Hillview Lane,Napa,svvineyards.com,415 420-6000,,Private,,Anthony
Surh Cellars,P.O. Box 2486,Napa,www.surhcellars.com,800 810-9463,X,Private,,
Sutter Home,277 St. Helena Hwy,St. Helena,www.sutterhome.com,963-3104,X,No,,
Swanson Vineyards,1271 Manley Lane,Rutherford,www.swansonvineyards.com,967-3500,X,Yes,,
Switchback Ridge,4292 Silverado Trail,Calistoga,www.switchbackridge.com,967-8987,X,Private,,
Sylvie Estate,,Oakville,www.sylvie-estate.com,,X,Private,,
T Vine Cellars,810 Foothill Blvd ,Calistoga,www.tvinecellars.com,942-8685,X,Private,,
Tamber Bey Vineyard,1251 Tubbs Lane,Calistoga,www.tamberbey.com,942-2100,X,Private,,
Tank Garage,1020 Foothill Blvd,Calistoga,www.tankgaragewinery.com,942-8265,X,No,,
Taplin Cellars,1677 Lewelling Lane,St. Helena,www.taplincellars.com,968-9418,X,Private,,
Tarpon Cellars,,,www.tarponcellars.com,694-5959,,Private,,Jeremy non Napa + Napa
Tate Wines,1309 Main Street Suite C,St. Helena,www.tatewine.com,713 560-3031,X,Yes,,
Taylor Family Vineyards,5991 Silverado Trail,Napa,www.taylorfamilyvineyards.com,255-3593,X,Yes,,
Tayson Pierce Estate Wines,1060 Rutherford Road,Rutherford,www.taysonpiercewines.com,968-9780,X,Private,,
Teachworth,4451 St. Helena Highway,Calistoga,www.teachworthcabs.com,942-8432,X,Yes,Yes,
Teaderman Vineyards,221 Devlin Road,Napa,www.teadermanvineyards.com,255-8700,X,Private,,
Tedeschi Family Winery,2779 Grant Street,Calistoga,www.tedeschifamilywinery.com,942-4274,X,Yes,,
Teeter Totter Wines,,Calistoga,www.teeter-totter.com,800-9040,,Private,,Familiar Air Wine
Tench Vineyards,7633 Silverado Trail,Napa,www.tenchvineyards.com,346-2004,X,Yes,Yes,
Terra Valentine,4007 Spring Mountain Rd,St. Helena,www.terravalentine.com,967-8340,X,Yes,,Foretell Wines
Terraces,1450 Silverado Trail,Rutherford,www.terraceswine.com,963-1707,X,Yes,,
Textbook Wine,,Napa,www.textbookvineyards.com,968-5104,X,Private,,
The 50x50,,,www.thefiftybyfifty.com,418-8480,,Private,,Atlas Peak but all Sonoma  Pinot Noir
The Crane Assembly,357 Main Street,St. Helena,www.thecraneassembly.com,302-0989,X,Yes,,
The Debate Wines,,St. Helena,www.thedebatewine.com,204-0934,X,Yes,,
The Grade Cellars,,Calistoga,www.thegradecellars.com,967-8200,X,Yes,,
The Lodge Winery,,,www.thelodgewinery.com,,,Yes,,"NWco, physical lodge? Mostly Non NV"
The Mascot,,Oakville,www.mascotwine.com,944-0350,X,Private,,
The Napa Valley Reserve,1000 Silverado Trail,St. Helena,www.thenapavalleyreserve.com,968-3192,X,Private,Yes,"Members only, non commercial"
The Prisoner Wine Co,1178 Galleron Road,St. Helena,www.theprisonerwinecompany.com,877 283-5934,X,Yes,,
The Vice Wine,,,www.thevicewine.com,646 316-3872,,Private,,Malek Amrani
The Vineyard House,1581 Oakville Grade Road,Oakville,www.tvhwines.com,294-8556,X,Private,,
The Vineyardist,263 Petrified Forest,Calistoga,www.thevineyardist.com,942-0120,X,Private,,Lazy Susan Ranch?
The Wager ,1414 Lake Street,Calistoga,www.the-wager.com,,,Private,,Still producing?
The Wine Foundry,45 Enterprise Court Ste 3,Napa,www.thewinefoundry.com,637-8821,X,Yes,,
The Wine Stash,912 Enterprise Way,Napa,www.thewinestash.com,754-7559,,Private,,E. Gordon?
Theorem Vineyards,255 Petrified Forest Road,Calistoga,www.theoremvineyards.com,942-4254,X,Yes,,
Theorize Wine,,,www.theorizewine.com,738-0011,,Private,,
Thomas Hsii,4036 Mount Veeder Road,Napa,www.thomas-hsi.com,258-5512,X,Private,,
Three Clicks Wines,P.O. Box 2730,Yountville,www.threeclickswines.com,318-3623,X,Private,,
Tiedemann Wines,530 E Lexington Ave #175,Elkhart IN,www.tiedemannwines.com,574 296-1300,,Private,,IN Distributor +own select Napa wines
Tierra Roja,7701 Silverado Trail,Oakville,www.tierraroja.com,944-8728,X,Private,,
Titus Vineyards,2971 Silverado Trail N,St. Helena,www.titusvineyards.com,963-3235,X,Yes,,
Tobias Vineyard,750 Bell Canyon Road,Angwin,www.tobiasvineyards.com,486-3121,X,Private,,
Tofanelli Family,1212 Pine Street,Calistoga,www.tofanelliwine.com,942-6504,X,Yes,,
Tom Eddy Wines,3870 CA-128,Calistoga,www.tomeddywines.com,942-4267,X,Yes,Yes,"Elodian, TENZ"
Tom Scott Vineyard,1465 Yountville Cross Road,Yountville,www.tomscottvineyard.com,944-0544,X,Private,,
Toquade Wine,2865 Hilltop Drive,Napa,www.toquadewines.com,738-7779,X,Private,,
TOR Kenward Family,1241 Adams Road St. 1045,St. Helena,www.torwines.com,963-3100,X,Private,,Rock
Tournesol Wine,4297 East Third Ave,Napa,www.tournesolwine.com,224-3960,X,Private,,
Toymaker Cellars,PO Box 514,Napa,www.toymakercellars.com,287-6681,,Private,,
Trahan Winery,974 Franklin Street,Rutherford,www.trahanwinery.com,257-7477,X,Yes,,Tasting room in Napa 342-1364
Travail Estate,PO Box 3898,Yountville,www.travail-estate.com,,,Private,,TRB winemaker
Tree Bottom Wines,1750 Howell Mountain Road,Angwin,www.treebottom.com,,X,Yes,,
Trefethen Vineyards,1160 Oak Knoll Ave,Napa,www.trefethen.com,255-7700,X,No,,Eschol Ranch Label
Tres Perlas,4254 Old Sonoma Highway,Napa,www.tresperlas.com,253-7686,X,Private,,
Tres Sabores,1620 S. Whitehall Lane,Rutherford,www.tressabores.com,967-8027,X,Yes,Yes,
Trespass Vineyard,1859 Hillview Place,St. Helena,www.trespassvineyard.com,963-0804,X,Yes,,Encroachment Wine Pinot Noir RRV
Tribe & Arrow,1031 McKinstry Street,Napa,www.olettewines.com,927-5688,X,,,VinFormant
Trinchero Family,8210 St. Helena Highway,St. Helena,www.trincheronapavalley.com,963-5839,X,Yes,Yes,"www.tfewines.com, Many labels, Mason"
Trinitas Cellars,875 Bordeaux Way,Napa,www.trinitascellars.com,935-3504,X,Yes,Yes,Meritage & The Wine Library
Triple Seven Cellars,PO Box 630449,Houston TX,www.777cellars.com,281 541-3308,X,Private,,
Triumph Wine Group,Main Street,St. Helena,www.triumphwinegroup.com,942-7422,,No,,Mostly non Napa wines
Trois Noix Wine,588 Zinfandel Lane,St. Helena,www.troisnoixwine.com,805-0556,X,Yes,,
Trotter 1/16th Wines,PO Box 1291,Calistoga,www.116wines.com,478-7911,X,Private,,
Truchard Vineyard,3234 Old Sonoma Road,Napa,www.truchardvineyards.com,253-7153,X,Yes,Yes,Poppy Hill
Trujillo Wines,661 Main Street,St. Helena,www.trujillowines.com,965-2943,X,No,,
Tulocay Winery,1426 Coombsville Road,Napa,www.tulocay.com,255-4064,X,Yes,,
Turley Wine Cellars,3358 St. Helena Hwy,St. Helena,www.turleywinecellars.com,963-0940,X,Private,,2 non Napa Trooms. St.Helena Winery
Turnbull Wine Cellars,8210 St. Helena Highway,St. Helena,www.turnbullwines.com,963-5839,X,No,,Tours require appointment
Tusk Estates,P.O. Box 126,Oakville,www.tuskestates.com,944-8355,,Private,Yes,Visited 2x
Twomey Cellars,1183 Dunaweal Lane,Calistoga,www.twomeycellars.com,942-2489,X,No,,"Stonegate Label, Also winery Healdsburg"
Unwritten Wines,,St. Helena,www.unwrittenwines.com,650 773-4657,,Yes,,
V12 Vineyards,2001 Soda Canyon  Road,Napa,www.v12vineyards.com,225-2551,X,Private,,
V Madrone,3199 St. Helena Highway N.,St. Helena,www.vmadrone.com,302-8181,X,Yes,,
V. Sattui,1111 White Lane,St. Helena,www.vsattui.com,963-7774,X,No,,
Van Dyk Family Wines,109 Valley Club Circle,Napa,www.vandykfamilywines.com,927-5452,,Private,,Still producing? Not made every year??
Vangone Estate,,Napa,www.vangoneestate.com,339-8822,,Private,,Hiatus Cellars
Varozza Vineyards,514 Pratt Ave,St. Helena,www.varozzavineyards.com,963-0331,X,Yes,,
Venge Vineyards,4708 Silverado Trail N,Calistoga,www.vengevineyards.com,942-9100,X,Yes,,
Vermeil Wines,1018 1st Street,Napa,www.vermeilwines.com,254-9881,X,No,,
VGS Chateau Potelle,1200 Dowdell Lane,St. Helena,www.vgschateaupotelle.com,255-9440,X,No,,
Viader,1120 Deer Park Road,Deer Park,www.viader.com,963-3816,X,Yes,Yes,Dare Label
Vice Versa,4225 Solano Ave Ste. 555,Napa,www.viceversawine.com,363-1954,X,Private,,
Vida Valiente Winery,335 West Lane,Angwin,www.vidavalientewinery.com,,,Private,,"Sam Baxter, Hayes Drumwright"
Villa Ragazzi,7878 Money Road,Napa,www.villaragazziwine.com,486-3184,X,Yes,,
Vin Roc,4069 Atlas Peak Road,Napa,www.vinrocnapa.com,265-0943,X,Private,Yes,Dwindling production
Vincent Arroyo,2361 Greenwood Ave,Calistoga,www.vincentarroyo.com,942-6995,X,Yes,,
Vine Cliff,7400 Silverado Trail,Napa,www.vinecliff.com,944-1364,X,Yes,Yes,"TR 699 St. Helena Hwy, St. Helena"
Vine Hill Ranch,7353 St.. Helena Highway,Oakville,www.vinehillranch.com,944-8130,X,Private,,
Vineyard 29,2929 St. Helena Highway N,St. Helena,www.vineyard29.com,963-9292,X,Yes,Yes,"CRU Annex, Aida wines"
Vineyard 7 & 8,4028 Spring Mountain Rd.,St. Helena,www.vineyard7and8.com,963-9425,X,Yes,Yes,Correlation Wine Co
Vineyard 36,,St. Helena,www.vineyard36.com,888 394-7525,X,Yes,,
Vineyard 511,511 Kortum Canyon Road,Calistoga,www.vineyard511.com,942-2156,X,Private,,
Vinoce,68 South Coombs Street L6,Napa,www.vinoce.com,265-7750,X,Private,,"VC, Twenty Rows, Elevensance, TR Napa"
Vinum Cellars,499 Devlin Road,Napa,www.vinumcellars.com,254-8313,X,Private,,NAPA WINE CO
Virage Napa Valley,,Napa,www.viragenapavalley.com,963-2588,X,Private,,
Vitesse Vineyard,,,www.vitessevineyards.com ,,,Private,,Made in Napa??  Or Marin?
Voces Cellars,P.O. Box 687,Calistoga,www.vocescellars.com,225-2474,X,Private,,
Volker Eisele Family Estate,3080 Lower Chiles Valley,St. Helena,www.volkereiselefamilyestate.com,965-9485,X,Yes,,
Von Strasser,965 Silverado Trail N,Calistoga,www.vonstrasser.com,942-9500,X,Yes,,
Vörös Cellars,PO Box 91,Calistoga,www.voroscellars.com,974-6272,X,Private,,
Voss Vineyards,1862 El Centro Ave,Napa,www.vossvineyards.com,259-0993,,Private,,
W.H. Smith Wines,1181 Las Posadas Road,Angwin,www.whsmithwines.com,965-9726,X,Private,Yes,"Was Piedra Hill, TR 1367 Lincoln Ave, Calistoga"
Wallis Estate,1670 Diamond Mountain Rd,Calistoga,www.wallisestate.com,877 463-8008,X,Private,,
Waterfront Cellars,45 Enterprise Court,Napa,www.religion.wine,949 929-2581,,Private,,Made at Wine Foundry
Watermark Wine,1976 Summit Lake Drive,Angwin,www.watermarkwine.com,942-1734,X,Private,,
Waterstone Winery,P.O. Box 6979,Napa,www.waterstonewines.com,265-8523,X,Yes,,
Waugh Cellars,2275 Soda Canyon Road,Napa,www.waughcellars.com,227-2242,X,Private,Yes,Six Degrees Wine
Whetstone Wine Cellars,1075 Atlas Peak Road,Napa,www.whetstonewinecellars.com,254-0600,X,Yes,,Taste at Ubuntu Annex
White Rock Vineyards,1115 Loma Vista Dr,Napa,www.whiterockvineyards.com,257-7922,X,Yes,Yes,Madigan = 2nd label
Whitehall Lane,1563 St. Helena Hwy,St. Helena,www.whitehalllane.com,800 963-9454,X,No,,Leonardini Family Winery
Wicker Vineyards,899 Dowdell Lane #A,St. Helena,www.wickervineyards.com,963-2251,X,Private,,
Wiliam & Mary Wine Co,PO Box 3777,Yountville,www.williammarywineco.com,302-8498,,Private,,Shifflet Estate
William Cole Vineyards,2849 St. Helena Highway N,St. Helena,www.williamcolevineyards.com,963-6100,X,Yes,,"Predecessor Estate, Trifecta"
William Harrison,1443 Silverado Trail,St. Helena,www.whwines.com,963-8762,X,No,,
William Hill Estate,1761 Atlas Peak Road,Napa,www.williamhillestate.com,224-4477,X,Yes,,
Willow Peak Wine,Kreuzer Lane,Napa,www.willowpeakwine.com,,,Private,,Still producing? V above Caldwell
Wine Country Connection,6484 Washington Street E,Yountville,www.winecountryconnection.net,225-1831,X,No,,"Mastery, Blind Taste, Steps, James Joseph"
Wilson Foreigner,PO Box 2716,Napa,www.wilsonforeigner.com,,,Private,,"Property SE Napa County, 1 Napa wine"
Wing Canyon Vineyard,3100 Mt. Veeder Road,Napa,www.wingcanyonvineyard.com,265-8798,X,Yes,,
Wingspan,,Calistoga,www.wingspan-wine.com,,,Private,,"Napa rose + non napa fruit, Tessa (Perliss)"
Wtichery Wine,,Rutherford,www.witcherywine.com,287-1063,X,Private,,
Wonderment Wines,,Napa,www.wondermentwines.com,843 822-8466,,Yes,,"Mostly non Napa, Charleston SC"
Work Vineyard,3190 Highway 128,Calistoga,www.workvineyard.com,942-0251,X,Private,,
Yan Cellars,,Napa,www.yancellars.com,716-7690,,Yes,,
Yao Family Wines,P.O. Box 111,Napa,www.yaofamilywines.com,968-7470,X,Private,,
Yates Family,4723 Redwood Road,Napa,www.yatesfamilyvineyard.com,226-1800,X,Private,,Used to be Napa Redwoods Estate
Young Inglewood,1919 Inglewood Ave,St. Helena,www.younginglewood.com,200-4572,X,Yes,,
Young Ridge,945 Lincoln Ave,Napa,www.youngridge.com,265-8400,,Private,,Still producing?
Yount Ridge,PO Box 47,Oakville,www.yountridge.com,339-8460,X,Private,,
Y Rousseau Wines,902 Enterprise Way,Napa,www.yrousseauwines.com,287-3471,X,Private,,"Mt. Veeder wine, also non Napa wines"
Zakin Estate,290 Crystal Springs Road,St. Helena,www.zakinwines.com,415 793-6354,X,Private,,
Zeitgeist Cellars,P.O. Box 552,St. Helena,www.zeitgeistcellars.com,480-1538,X,Private,,
Ziata Wines,PO Box 248,St. Helena,www.ziatawines.com,225-7442,X,Private,,"Karen, Trinchero affiliation"
ZD Winery,8383 Silverado Trail,Napa,www.zdwines.com,963-5188,X,No,,Abacus label
Zuidema Wine Co,PO Box 2690,Napa,www.zuidemawines.com,310-4925,X,Private,,
